,total_route,single_distance,single_cargo_weight,single_cargo_volume,total_travel_time
1,1,0,0,0,0
2,3,0,10,5,52
3,21,0.2318958,62,36,40.00386493
4,23,0,49.5,29.5,28
5,19,0.071702142,33,19,24.00119504
6,22,0.091246772,29,17,12.00152078
7,20,0.091246772,13.5,7.5,50.00152078
8,4,0.2318958,58.5,33.5,12.00386493
9,6,0.02121702,12.5,6.5,42.00035362
10,5,0.06183865,50.5,29.5,50.00103064
11,7,0.040856249,59,34,16.00068094
12,10,0.012023237,20,12,56.00020039
13,13,0.004161561,65.5,37.5,10.00006936
14,15,0.031344467,10,5,26.00052241
15,14,0.032141531,29.5,16.5,36.00053569
16,16,0.000797473,40.5,22.5,28.00001329
17,9,0.014464123,35,21,26.00024107
18,8,0.012023237,27.5,14.5,44.00020039
19,11,0.014117688,52.5,30.5,22.00023529
20,17,0.018167506,25.5,14.5,22.00030279
21,24,0.253947694,27.5,16.5,8.004232462
22,35,0.012047384,8.5,4.5,40.00020079
23,37,0.002706305,47.5,27.5,32.00004511
24,39,0,37,21,54
25,52,0.098393822,63.5,36.5,10.0016399
26,51,0.006504557,10.5,5.5,24.00010841
27,48,0.031497538,25.5,13.5,38.00052496
28,50,0.001540414,42.5,23.5,54.00002567
29,49,0.0057349,64,37,46.00009558
30,53,0.009096613,54.5,31.5,32.00015161
31,63,0.008895363,39,23,50.00014826
32,65,0.00734457,57.5,32.5,0.00012241
33,68,0.003478011,0,0,30.00005797
34,44,0.094685144,32.5,17.5,32.00157809
35,46,0.001704452,39,23,18.00002841
36,43,0.053997096,18.5,9.5,4.000899952
37,47,0.053997096,4,2,14.00089995
38,40,0.103545776,16.5,9.5,26.00172576
39,129,0.211567189,32,19,8.00352612
40,135,0.00064217,8.5,4.5,46.0000107
41,134,0.001909976,54.5,31.5,4.000031833
42,130,0.00064217,4.5,2.5,22.0000107
43,133,0,23,12,12
44,132,0,14,8,18
45,131,0,19,10,38
46,136,0.001909976,45,26,16.00003183
47,138,0,19.5,11.5,22
48,148,0.014669518,27,16,4.000244492
49,153,0.002670451,4.5,2.5,8.000044508
50,152,0.004965848,9.5,5.5,42.00008276
51,149,0.002670451,49.5,28.5,10.00004451
52,151,0,12.5,7.5,24
53,154,0.004965848,27,15,28.00008276
54,139,0.023647512,30.5,16.5,24.00039413
55,143,0.001910704,29,17,52.00003185
56,140,0.001981126,60,34,36.00003302
57,145,0.002426349,42,24,48.00004044
58,147,0.001856134,55.5,31.5,18.00003094
59,155,0.016569131,21.5,12.5,28.00027615
60,146,0.016608569,35,21,44.00027681
61,141,0.005708181,52.5,30.5,6.000095136
62,116,0.101698021,6.5,3.5,26.00169497
63,118,0.001450162,32,19,28.00002417
64,117,0.002346544,35,21,16.00003911
65,119,0.000897061,19,11,32.00001495
66,124,0.067599309,38,22,48.00112666
67,121,0.017887939,55.5,31.5,20.00029813
68,123,0.014274433,24,14,32.00023791
69,120,0.067599309,39.5,23.5,42.00112666
70,125,0.017887939,49.5,28.5,28.00029813
71,163,0.070623347,30.5,16.5,46.00117706
72,166,0.001563498,52.5,29.5,26.00002606
73,176,0.096232705,32.5,19.5,28.00160388
74,171,0.036663036,33.5,19.5,22.00061105
75,111,0.136585689,23,12,28.00227643
76,137,0.082861562,33.5,19.5,28.00138103
77,128,0.024766784,33.5,19.5,34.00041278
78,156,0.069673712,42,25,32.00116123
79,160,0.006757452,38,22,50.00011262
80,157,0.013224186,60,35,14.0002204
81,159,0,17.5,10.5,38
82,161,0.006492993,42.5,23.5,16.00010822
83,174,0.084345495,18.5,10.5,42.00140576
84,144,0.111662914,51,30,38.00186105
85,127,0.018518959,44.5,25.5,14.00030865
86,158,0.055850427,16.5,9.5,42.00093084
87,112,0.095952074,52,31,58.0015992
88,115,0,68,39,20
89,114,0,24,14,22
90,113,0,26,15,36
91,142,0.101698021,41.5,23.5,24.00169497
92,175,0.111868805,26.5,14.5,50.00186448
93,177,0.000689413,59,34,14.00001149
94,228,0.096188674,15,8,28.00160314
95,231,0.001342308,32,18,46.00002237
96,179,0.016576915,53.5,30.5,18.00027628
97,211,0,19,10,18
98,218,0.002896278,21.5,12.5,12.00004827
99,230,0.009920037,12,6,36.00016533
100,229,0.001342308,42.5,24.5,28.00002237
101,219,0.009920037,32,18,44.00016533
102,221,0.001560815,51,29,50.00002601
103,212,0.007571977,58,33,40.0001262
104,217,0,47.5,27.5,12
105,216,0.003229325,12.5,6.5,38.00005382
106,215,0,47,28,34
107,214,0,38,21,28
108,213,0,31,17,42
109,210,0.001492429,48,27,24.00002487
110,209,0,30,18,0
111,208,0,0,0,40
112,207,0,45.5,25.5,10
113,206,0,12,7,16
114,205,0,16,8,32
115,204,0,39,23,34
116,203,0,37.5,20.5,10
117,202,0,10.5,5.5,22
118,201,0,26.5,15.5,20
119,200,0,22,12,16
120,199,0,17,9,22
121,198,0,26,15,14
122,197,0,14.5,7.5,48
123,196,0,57.5,33.5,12
124,195,0,13.5,7.5,50
125,194,0,59.5,34.5,28
126,193,0,31.5,17.5,40
127,192,0,49.5,29.5,18
128,191,0,20.5,11.5,56
129,190,0,65.5,37.5,22
130,189,0,27,16,38
131,188,0,44.5,25.5,46
132,187,0,54,31,40
133,186,0,49,29,32
134,185,0,40,24,6
135,184,0,7,4,44
136,183,0,52,30,24
137,182,0,25.5,13.5,50
138,181,0,59,34,40
139,180,0,47,27,32
140,222,0.014556442,37,21,50.00024261
141,224,0,59.5,34.5,20
142,226,0.00040487,20,10,44.00000675
143,223,0.000929502,50.5,28.5,36.00001549
144,227,0.000929502,44,26,36.00001549
145,178,0.096188674,42,24,44.00160314
146,232,0.016576915,50.5,28.5,4.000276282
147,225,0.006909391,5,3,28.00011516
148,220,0.005888366,33.5,19.5,46.00009814
149,233,0.006659806,53.5,30.5,16.000111
150,238,0.014232283,17.5,9.5,50.0002372
151,237,0.018621468,58,33,34.00031036
152,234,0.014232283,38.5,21.5,4.000237205
153,240,0.015189571,5,3,40.00025316
154,242,0.00276135,45.5,25.5,20.00004602
155,246,0,20,10,38
156,262,0.030123503,47.5,28.5,18.00050206
157,265,0.001228618,22.5,13.5,36.00002048
158,267,0.00618017,41.5,23.5,34.000103
159,266,0.026579261,38.5,21.5,46.00044299
160,268,0.030572695,53,30,20.00050954
161,270,0,23,13,48
162,236,0.238901062,55,31,16.00398168
163,239,0.018621468,18,10,26.00031036
164,241,0.009107048,28,15,40.00015178
165,245,0.006742576,48,28,24.00011238
166,244,0,30,18,12
167,243,0,14,8,44
168,249,0.0055174,53,31,40.00009196
169,251,0.002048229,48,28,34.00003414
170,257,0,40,23,38
171,260,0,46,27,28
172,269,0.035160757,30.5,16.5,52.00058601
173,274,0.032132597,60.5,34.5,44.00053554
174,284,0.060925542,51.5,29.5,40.00101543
175,282,0.019248789,49,29,26.00032081
176,281,0.004090855,30.5,17.5,28.00006818
177,278,0.00374846,30.5,16.5,56.00006247
178,280,0.000688238,66,38,44.00001147
179,283,0.004090855,53,31,54.00006818
180,275,0.060925542,62.5,35.5,32.00101543
181,277,0.010003516,35.5,19.5,36.00016673
182,285,0.019413215,41,23,26.00032355
183,287,0,30,17,16
184,289,0.000160564,19.5,11.5,24.00000268
185,291,0.000376143,25,13,38.00000627
186,293,0,42.5,23.5,44
187,296,0,50.5,28.5,54
188,292,0.00022239,64,37,22.00000371
189,295,0.000111195,25,14,46.00000185
190,294,0,54.5,31.5,24
191,303,5.79E-05,25.5,13.5,20.00000097
192,305,0,21,11,22
193,314,5.79E-05,23,12,44.00000097
194,317,0,52.5,30.5,26
195,326,0,30,17,44
196,329,0,54,32,34
197,336,0,39,22,24
198,339,0,30,18,22
199,343,0,23,12,8
200,345,0,9,5,12
201,351,0,13.5,7.5,24
202,338,5.79E-05,28.5,16.5,18.00000097
203,337,0,22,13,48
204,352,5.79E-05,55,31,36.00000097
205,350,0.000111195,40.5,22.5,6.000001853
206,349,0,6,3,16
207,348,0,19.5,11.5,8
208,347,0,8,4,40
209,346,0,47.5,27.5,14
210,353,0.000111195,16.5,9.5,38.00000185
211,356,0,43.5,24.5,40
212,342,0.000125381,46,26,14.00000209
213,341,0,14.5,7.5,20
214,340,0,24.5,14.5,20
215,335,5.79E-05,21.5,11.5,30.00000097
216,330,0,32.5,17.5,6
217,334,0,7.5,4.5,30
218,333,0,33.5,18.5,34
219,332,0,42.5,25.5,12
220,331,0,12,6,12
221,344,0.000125381,13.5,7.5,42.00000209
222,325,0.000115863,51.5,30.5,14.00000193
223,320,0,17,10,16
224,324,0,17.5,9.5,16
225,319,0,16,8,38
226,318,0,46.5,27.5,52
227,323,0.000111195,61.5,35.5,34.00000185
228,322,0,41,24,26
229,321,0,28.5,15.5,40
230,304,0.000115863,47,27,38.00000193
231,308,0.000125381,42.5,23.5,36.00000209
232,313,0,44.5,26.5,36
233,312,0,40.5,22.5,28
234,311,0,32,18,26
235,310,0,32,19,56
236,309,0,66,38,38
237,306,5.79E-05,46,27,12.00000097
238,316,0.000125381,12,6,26.00000209
239,315,0,28.5,15.5,34
240,307,0.000125381,41.5,24.5,28.00000209
241,355,0.000231725,31,17,46.00000386
242,354,0,55,32,20
243,328,0.000376142,23,13,22.00000627
244,327,0,26,15,44
245,300,0.000173794,53.5,31.5,40.0000029
246,302,0,50,30,8
247,301,0,10,6,32
248,299,0.000333585,39.5,23.5,16.00000556
249,298,0,18.5,10.5,34
250,297,0.00066968,39,22,20.00001116
251,357,0.000852449,22.5,12.5,32.00001421
252,370,0,35.5,19.5,14
253,377,0,17.5,10.5,30
254,379,0,36.5,21.5,32
255,381,0,38,22,36
256,383,0,40.5,22.5,16
257,387,0,18.5,10.5,38
258,391,0.000111195,46.5,27.5,26.00000185
259,394,0,32.5,19.5,30
260,380,0.000160588,35.5,20.5,28.00000268
261,382,0.000111195,35,21,44.00000185
262,369,5.79E-05,54,32,6.000000966
263,368,0,7.5,4.5,0
264,367,0,0,0,34
265,366,0,40.5,23.5,20
266,365,0,20,10,26
267,364,0,28.5,15.5,26
268,363,0,27.5,14.5,16
269,362,0,17,9,48
270,361,0,58,34,28
271,360,0,32.5,18.5,52
272,359,0,60,34,14
273,358,0,16,9,46
274,395,0.000282244,55,32,14.0000047
275,398,0,16.5,9.5,18
276,400,0.000111195,21,12,22.00000185
277,404,0.00031026,23.5,12.5,46.00000517
278,403,0.000441787,55,32,54.00000736
279,401,0.00031026,63.5,36.5,12.00000517
280,399,0.001474268,12.5,6.5,22.00002457
281,402,0.001583446,23.5,12.5,20.00002639
282,405,0.000441787,22.5,12.5,26.00000736
283,407,0.000719202,31.5,18.5,22.00001199
284,440,0.189275719,27.5,16.5,54.0031546
285,442,0.018794383,64,37,28.00031324
286,279,0.297794274,32.5,18.5,52.00496324
287,443,0.297119693,60.5,34.5,22.00495199
288,445,0.02127223,25.5,14.5,42.00035454
289,448,0.054443866,51.5,30.5,16.0009074
290,447,0.001747333,17,9,16.00002912
291,449,0.001747333,16.5,8.5,10.00002912
292,452,0.057063227,10,5,24.00095105
293,454,0.001816122,29,17,44.00003027
294,453,0.009135683,52.5,30.5,20.00015226
295,455,0.009733293,24,14,54.00016222
296,450,0.063978872,64,37,28.00106631
297,532,0.169818048,30,16,42.0028303
298,534,0.001005972,52,31,44.00001677
299,533,0.001083092,50,28,24.00001805
300,535,0.000115869,27,15,28.00000193
301,537,0,30.5,16.5,40
302,542,0.000896958,47,27,44.00001495
303,544,0,50,28,22
304,526,0.160529196,23.5,12.5,58.00267549
305,525,0.001912324,67.5,38.5,44.00003187
306,524,0.000477474,54,32,16.00000796
307,527,0.001912324,16,8,26.00003187
308,552,0.1020943,28,15,58.00170157
309,554,0.000778364,68,39,24.00001297
310,553,0.002004311,27,15,12.00003341
311,555,0.001799531,12.5,6.5,2.000029992
312,528,0.115377001,2.5,1.5,24.00192295
313,519,0.045328747,25,13,46.00075548
314,487,0.102810686,53,30,40.00171351
315,489,0,47,27,40
316,491,0,48,28,22
317,493,0,25.5,14.5,18
318,495,0.004117873,18,9,40.00006863
319,502,0,45.5,25.5,38
320,501,0.00025686,47.5,28.5,24.00000428
321,500,0,27.5,15.5,26
322,499,0,32.5,19.5,20
323,498,0,22,12,50
324,497,0,57.5,32.5,38
325,496,0,44,25,32
326,503,0.00025686,35,19,44.00000428
327,506,0,53,31,16
328,508,0,19,11,26
329,510,0.175020968,30,17,36.00291702
330,470,0.086264461,41.5,23.5,32.00143774
331,474,0.002022888,38.5,22.5,32.00003371
332,473,0.002616699,39.5,23.5,40.00004361
333,471,0.002022888,47.5,27.5,52.00003371
334,436,0.215093128,60,34,48.00358489
335,167,0.36062008,58,34,42.00601033
336,162,0.160073805,49,28,6.002667897
337,164,0.000589081,7,4,32.00000982
338,126,0.07316038,38.5,22.5,24.00121934
339,41,0.217727527,27.5,15.5,32.00362879
340,45,0.043666779,37.5,21.5,44.00072778
341,42,0.045371228,52.5,30.5,12.00075619
342,69,0.094685144,12,6,46.00157809
343,72,0.00035309,55,32,30.00000588
344,71,0.001223144,33.5,18.5,10.00002039
345,70,0.00035309,12.5,7.5,32.00000588
346,73,0.001223144,39,23,60.00002039
347,75,0,70,40,42
348,77,0,51.5,30.5,38
349,87,0.003460295,46.5,27.5,20.00005767
350,90,0,25,15,34
351,82,0.004660674,38.5,21.5,50.00007768
352,86,0,59.5,34.5,6
353,85,0,6,3,40
354,84,0,47,27,16
355,83,0,18,10,18
356,78,0.003460295,18.5,9.5,10.00005767
357,80,0,11,6,28
358,91,0.008097626,33.5,19.5,2.00013496
359,93,0,2.5,1.5,52
360,99,0.071135065,60.5,34.5,34.00118558
361,105,0.00956135,41.5,24.5,24.00015936
362,102,0.009260892,26,14,34.00015435
363,110,0.004620923,39,22,32.00007702
364,172,0.136585689,40,24,34.00227643
365,106,0.14634105,39.5,22.5,48.00243902
366,109,0,56.5,32.5,46
367,108,0,55,32,48
368,107,0,55,31,46
369,103,0.004620923,53.5,30.5,52.00007702
370,101,0.006566881,60,34,34.00010945
371,104,0.006566881,40,23,24.00010945
372,100,0.00956135,26,14,46.00015936
373,173,0.150386869,54,31,16.00250645
374,168,0.096635431,20,12,36.00161059
375,170,0.000229788,43,25,16.00000383
376,273,0.244846495,19,11,42.00408077
377,261,0.066800132,47.5,26.5,10.00111334
378,263,0.000876837,12.5,7.5,16.00001461
379,247,0.031405679,18.5,10.5,36.00052343
380,150,0.209355109,45,27,14.00348925
381,98,0.10838059,16.5,9.5,28.00180634
382,97,0,34.5,20.5,16
383,94,0.071135065,17,9,46.00118558
384,96,0.007818646,53,30,58.00013031
385,248,0.285840661,68,39,26.00476401
386,235,0.029293556,30.5,17.5,46.00048823
387,271,0.238901062,55,32,30.00398168
388,259,0.157160257,33.5,18.5,50.00261934
389,258,0,59.5,34.5,12
390,256,0.005612961,14,8,22.00009355
391,255,0,23,12,52
392,254,0,61,35,8
393,253,0,9,5,26
394,252,0,27.5,14.5,24
395,272,0.162754027,26.5,14.5,44.00271257
396,437,0.414377845,52.5,30.5,38.0069063
397,441,0.121701807,46,27,16.00202836
398,438,0.140488772,16,8,18.00234148
399,433,0.136321122,18.5,9.5,48.00227202
400,435,0,57.5,33.5,6
401,434,0,7,4,18
402,472,0.215093128,22.5,13.5,32.00358489
403,475,0.002616699,35,19,24.00004361
404,477,0.008553051,30,18,56.00014255
405,551,0.216564623,66,38,2.00360941
406,556,0.046396213,2,1,56.00077327
407,558,0,65.5,37.5,24
408,560,0.000125384,27.5,15.5,24.00000209
409,559,0.000589957,30,18,42.00000983
410,561,0.000521445,52,31,44.00000869
411,563,0.000250768,50,28,28.00000418
412,562,0.000797536,35,21,18.00001329
413,564,0.000558985,20,11,30.00000932
414,566,0.000321196,37.5,22.5,20.00000535
415,571,0.000441814,25,15,2.000007364
416,573,0.000229813,2,1,42.00000383
417,575,0,50,29,34
418,578,0.034101863,41,24,20.00056836
419,557,0.035320585,21.5,11.5,52.00058868
420,579,0.035320585,61,35,34.00058868
421,577,0.018979743,38,21,10.00031633
422,576,0.034101863,12,7,26.00056836
423,580,0.018979743,29.5,16.5,36.00031633
424,582,0.047972979,45,27,40.00079955
425,584,0,45.5,25.5,56
426,835,0.26766199,66,38,10.00446103
427,846,0.013006841,11.5,6.5,8.000216781
428,848,0,9.5,5.5,38
429,843,0.008978239,45,26,20.00014964
430,845,0,22.5,12.5,16
431,840,0.010861842,20,12,12.00018103
432,842,0,14,8,22
433,849,0.008978239,24,13,22.00014964
434,851,0,23.5,12.5,24
435,850,0.002501233,29.5,17.5,22.00004169
436,852,0.002501233,26,15,4.17E-05
437,858,0,0,0,30
438,860,0,34,19,24
439,862,0,26,14,2
440,654,0.146604914,2.5,1.5,52.00244342
441,645,0.013742766,61.5,35.5,14.00022905
442,650,0,17.5,10.5,2
443,652,0,2.5,1.5,22
444,723,0.043048856,25,14,30.00071748
445,726,0.000955088,36.5,21.5,36.00001592
446,775,0.01312528,43.5,25.5,46.00021875
447,780,0.002103576,54.5,31.5,32.00003506
448,784,0,35,19,26
449,822,0.141343287,30,17,44.00235572
450,825,0.018411382,51.5,29.5,32.00030686
451,823,0.019193516,36,20,46.00031989
452,836,0.055084877,53.5,30.5,42.00091808
453,841,0.110745919,47.5,26.5,46.00184577
454,844,0.002683002,53,30,44.00004472
455,824,0.057482713,50,28,36.00095805
456,826,0.001636694,44,26,22.00002728
457,828,0.002839605,23.5,12.5,14.00004733
458,827,0.003069159,15.5,8.5,8.000051153
459,829,0.000229813,9.5,5.5,34.00000383
460,864,0.051004223,41,24,60.00085007
461,868,0.007681453,70,40,32.00012802
462,873,0.000558984,38.5,22.5,26.00000932
463,880,0.019135057,29,16,36.00031892
464,893,0,43.5,25.5,48
465,874,0.020410145,55,31,30.00034017
466,876,0.000257009,36.5,21.5,46.00000428
467,878,0.00550035,55,32,40.00009167
468,939,0.064536173,46.5,26.5,58.0010756
469,937,0.046648325,68,39,12.00077747
470,936,0.011909285,13.5,7.5,44.00019849
471,929,0.028444635,51.5,29.5,6.000474077
472,931,0,6,3,10
473,962,0.147698134,11,6,28.00246164
474,951,0.06221018,30.5,16.5,56.00103684
475,956,0.000364953,65,37,38.00000608
476,959,0,46,27,40
477,961,0,47.5,27.5,36
478,1035,0.147174547,44.5,26.5,34.00245291
479,1038,0.005551932,38.5,21.5,36.00009253
480,1040,0,45,27,28
481,1077,0.014908203,31.5,17.5,34.00024847
482,1083,0,38.5,21.5,52
483,1087,0,61,35,40
484,1076,0.015467487,46,26,10.00025779
485,1075,0,10,5,30
486,1074,0,35,20,26
487,1041,0.014908203,31.5,18.5,38.00024847
488,1088,0.022370507,43,24,40.00037284
489,1171,0.103225624,47.5,27.5,26.00172043
490,1179,0.000173601,28,15,14.00000289
491,1181,0,14,7,18
492,1173,0.002262606,21,12,54.00003771
493,1177,5.79E-05,63,36,12.00000096
494,1172,0.000173601,14.5,8.5,46.00000289
495,1182,0.002262606,55,32,24.00003771
496,1195,0.016164452,26.5,14.5,12.00026941
497,1194,0.004322838,14,8,44.00007205
498,1197,0.003121609,53.5,31.5,12.00005203
499,1336,0.014594809,12,6,18.00024325
500,1319,0.001379409,20,11,22.00002299
501,1316,0.000321301,26.5,15.5,40.00000536
502,1337,0.004849781,48,28,12.00008083
503,1340,0.000173862,15,9,34.0000029
504,1339,0.00016062,39.5,22.5,28.00000268
505,1338,0.000173862,33,19,48.0000029
506,1341,0.00016062,58,34,18.00000268
507,1345,0.000376174,18.5,9.5,38.00000627
508,1347,0,45,26,34
509,1349,0.000125391,38,21,26.00000209
510,1342,0.000564571,30,17,18.00000941
511,1335,0.000365272,20.5,11.5,32.00000609
512,1198,0.014594809,36.5,20.5,28.00024325
513,1192,0.008177802,33.5,19.5,44.0001363
514,1189,0.006405582,52,30,14.00010676
515,1318,0.036919508,16.5,9.5,34.00061533
516,1320,0.001223144,42,25,30.00002039
517,1334,0.000525217,35.5,20.5,40.00000875
518,1328,0.000338582,48.5,28.5,44.00000564
519,1333,0,51.5,29.5,6
520,1332,0,6,3,50
521,1331,0,58,33,20
522,1330,0,23.5,13.5,50
523,1329,0,59.5,34.5,32
524,1324,0.000406223,39,23,16.00000677
525,1323,0.000231816,19,11,18.00000386
526,1321,0.000689451,22,13,6.000011491
527,1325,0.000231816,6.5,3.5,34.00000386
528,1327,0,42,25,30
529,1326,0.000111195,32.5,17.5,40.00000185
530,1350,0.000730139,47,27,40.00001217
531,1352,0.000333585,49,29,46.00000556
532,1360,0.003384183,53.5,30.5,16.0000564
533,1363,0.004109035,17,9,34.00006848
534,1366,0.003592358,39.5,22.5,42.00005987
535,1368,0.000376174,48,27,28.00000627
536,1370,0.000406223,30,16,24.00000677
537,1388,0.009877503,27,15,28.00016463
538,1390,0,33.5,19.5,52
539,1402,0.004716038,61,35,26.0000786
540,1397,0.003648244,29,16,24.0000608
541,1404,0.003277832,30,18,4.000054631
542,1362,0.03131024,4.5,2.5,20.00052184
543,1364,0.001770534,23.5,13.5,50.00002951
544,1367,0.001626514,60,35,30.00002711
545,1369,0.001641784,36.5,21.5,14.00002736
546,1373,0.000655759,16.5,9.5,34.00001093
547,1387,0.006247692,40.5,23.5,50.00010413
548,1383,0.003019107,57.5,32.5,48.00005032
549,1386,0,57.5,33.5,24
550,1385,0,27,15,44
551,1384,0,52,30,20
552,1395,0.003874242,24.5,14.5,22.00006457
553,1403,0.003648244,24,13,18.0000608
554,1398,0.003277832,22.5,13.5,46.00005463
555,1393,0.003308149,56,33,16.00005514
556,1400,0.002745626,18,10,18.00004576
557,1381,0.008289864,22.5,13.5,12.00013816
558,1392,0.004105822,15,9,14.00006843
559,1399,0.003308149,15,8,36.00005514
560,1394,0.002745626,44,26,56.00004576
561,1376,0.006669892,66,38,36.00011116
562,1382,0.005608665,40.5,22.5,40.00009348
563,1389,0.004173867,48,28,28.00006956
564,1391,0.010677233,34.5,20.5,32.00017795
565,1377,0.005516569,35.5,19.5,30.00009194
566,1372,0.005431749,35.5,20.5,34.00009053
567,1365,0.003289383,41.5,24.5,30.00005482
568,1361,0.008066495,36,21,44.00013444
569,1354,0.010276995,52.5,30.5,18.00017128
570,1353,0.094961901,20.5,11.5,30.0015827
571,1358,0.011419959,33.5,18.5,44.00019033
572,1406,0.100714088,50,28,32.00167857
573,1408,0,38,22,26
574,1415,0.003050272,28.5,15.5,46.00005084
575,1417,0.000558991,55,32,8.000009317
576,1419,0,8,4,14
577,1422,0.003178134,17.5,10.5,26.00005297
578,1446,0.015001344,28,15,32.00025002
579,1453,0.003891317,36.5,20.5,6.49E-05
580,1451,0.001771259,0,0,46.00002952
581,1220,0.052024213,54.5,31.5,28.00086707
582,1281,0,33.5,19.5,24
583,1288,0.001444683,25,13,30.00002408
584,1286,0.000642602,35.5,20.5,42.00001071
585,1294,0.000420781,50.5,29.5,24.00000701
586,1301,0.000841561,29,17,50.00001403
587,1300,0.000229822,57.5,32.5,50.00000383
588,1302,0.000778364,58.5,33.5,18.00001297
589,1296,0.001204194,18.5,9.5,52.00002007
590,1304,0.001311649,60,34,34.00002186
591,1306,0.001032156,40.5,23.5,42.0000172
592,1116,0.068733467,48.5,27.5,28.00114556
593,1118,0.012009912,32,18,10.00020017
594,1125,0.009320666,10.5,5.5,32.00015534
595,1119,0.014990557,40,24,38.00024984
596,1117,0.024100385,43,24,18.00040167
597,1120,0.012245128,18,9,36.00020409
598,1129,0.016420044,42,24,4.000273667
599,1132,0,4,2,38
600,1121,0.071700076,44,25,10.001195
601,1150,0.023191716,10,5,32.00038653
602,1148,0.009867479,37.5,21.5,40.00016446
603,1126,0.10092399,46.5,26.5,24.00168207
604,1128,0.002113498,26,14,20.00003522
605,1133,0.084732135,24.5,14.5,24.0014122
606,1135,0,30,18,12
607,1137,0,15,9,28
608,1153,0.013108366,32,18,40.00021847
609,1156,0,48.5,28.5,8
610,1159,0.001802564,8,4,26.00003004
611,1161,0,32,19,56
612,1142,0.010850392,65,37,38.00018084
613,1147,0,43.5,24.5,22
614,1146,0,25.5,14.5,42
615,1145,0,50.5,29.5,30
616,1144,0,35.5,20.5,46
617,1143,0,55,32,50
618,1151,0.009867479,58,33,26.00016446
619,1155,0.000962901,27.5,14.5,8.000016048
620,1154,0,10,6,10
621,1152,0.000962901,11.5,6.5,8.000016048
622,1138,0.013108366,10,6,12.00021847
623,1131,0.004461018,15,9,16.00007435
624,1130,0,16.5,8.5,40
625,1134,0.002927984,47,27,34.0000488
626,1139,0.004933412,38,21,14.00008222
627,1136,0.002883802,14,7,34.00004806
628,1140,0.002883802,40,23,32.00004806
629,1102,0.043761415,39,23,16.00072936
630,1104,0.000906116,18,10,30.0000151
631,1284,0.233450789,33,18,14.00389085
632,1297,0.001714038,14,7,30.00002857
633,1299,0,36.5,21.5,36
634,1305,0.000688331,43,25,12.00001147
635,1303,0.001287811,14.5,8.5,18.00002146
636,1293,0.001645148,22.5,13.5,32.00002742
637,1287,0.000420781,35.5,19.5,22.00000701
638,1295,0.00068562,25,14,16.00001143
639,1282,0.002655306,18,10,36.00004426
640,1124,0.118394024,40.5,22.5,26.00197323
641,1110,0.038706574,29,16,34.00064511
642,1163,0.050945487,42.5,25.5,36.00084909
643,1167,0.001251857,41.5,23.5,40.00002086
644,1170,0.001386048,49.5,29.5,26.0000231
645,1089,0.103225624,31.5,18.5,42.00172043
646,1091,0,48.5,27.5,50
647,1039,0.103029481,58.5,33.5,14.00171716
648,1092,0.103029481,16,9,38.00171716
649,934,0.285268557,46.5,27.5,54.00475448
650,1006,0.237033234,63,36,22.00395055
651,1009,0.000160448,26,15,22.00000267
652,1007,0.000481343,27,16,48.00000802
653,1010,0.00062668,56.5,32.5,54.00001044
654,1014,0,63.5,36.5,48
655,1013,0.000125336,57,33,40.00000209
656,1012,0,48,28,58
657,1011,0,67.5,38.5,50
658,1015,0.000125336,58,33,30.00000209
659,1019,5.78E-05,36.5,21.5,50.00000096
660,1017,0.000448524,58,33,10.00000748
661,1021,0.000125336,11,6,10.00000209
662,1023,0.00066717,12,7,26.00001112
663,1025,0.000125336,27.5,14.5,32.00000209
664,1027,0.000111195,38,22,48.00000185
665,1026,0.000125336,58,34,44.00000209
666,1024,0.000173503,50,28,18.00000289
667,1028,0.000206076,19.5,10.5,40.00000343
668,1000,0.02696311,50,30,22.00044939
669,1003,0.005357416,25,14,44.00008929
670,1005,0.005274915,51.5,29.5,6.000087915
671,1123,0.120090538,6.5,3.5,32.00200151
672,1283,0.118394024,40,24,42.00197323
673,1105,0.233450789,50,29,10.00389085
674,1107,0.010633895,11.5,6.5,32.00017723
675,1115,0.037138022,36,20,34.00061897
676,1307,0.068733467,39.5,22.5,20.00114556
677,1315,0.000897079,22,12,38.00001495
678,1285,0.004151917,44,25,26.0000692
679,1289,0.000642602,29,16,10.00001071
680,1291,0.000333585,10,5,32.00000556
681,1290,0.001891203,38.5,22.5,4.00003152
682,1292,0.002224654,4,2,32.00003708
683,1317,0.008081103,39.5,23.5,44.00013469
684,1310,0.000412757,51,29,28.00000688
685,1313,0,30.5,16.5,46
686,1309,0.000125391,54,31,50.00000209
687,1314,0.000125391,59,34,42.00000209
688,1322,0.000637493,49.5,28.5,40.00001062
689,1343,0.000803102,50,30,26.00001339
690,1346,0.000111195,28.5,15.5,32.00000185
691,1344,0.000111195,39.5,23.5,28.00000185
692,1348,0.000448539,30,16,30.00000748
693,1351,0.000655759,37.5,22.5,40.00001093
694,1308,0.003407389,45,25,14.00005679
695,1312,0.000338582,17,10,26.00000564
696,1311,0,28.5,15.5,16
697,1357,0.026766694,17,9,42.00044611
698,1405,0.050733231,51.5,30.5,20.00084555
699,1359,0.100714088,24,14,38.00167857
700,1355,0.097205546,44,25,32.00162009
701,987,0.213070487,36,20,56.00355117
702,989,0.017862469,66,38,44.00029771
703,992,0,52.5,30.5,36
704,996,0,44.5,26.5,40
705,999,0.002659953,46,26,44.00004433
706,1029,0.02696311,50,28,14.00044939
707,1022,0.002687389,14,7,18.00004479
708,1030,0.003283745,21,12,24.00005473
709,1033,0.002360736,26,14,30.00003935
710,947,0.137417393,35,20,18.00229029
711,949,0,18.5,9.5,52
712,952,0.006341295,60,34,18.00010569
713,955,0,21.5,12.5,54
714,954,0,64,37,42
715,953,0,51,30,22
716,960,0.003143861,22.5,11.5,28.0000524
717,950,0.007368447,33,19,42.00012281
718,963,0.06221018,52,31,28.00103684
719,969,0.021564195,34.5,20.5,2.000359403
720,982,0.065409072,2.5,1.5,48.00109015
721,986,0.000459609,55.5,31.5,28.00000766
722,985,0.000250736,33.5,19.5,16.00000418
723,984,0,17,9,28
724,983,0.000459609,33,19,36.00000766
725,971,0.057265011,41,23,30.00095442
726,991,0.022195006,33,18,34.00036992
727,990,0,37.5,20.5,48
728,995,0.001946242,57.5,33.5,4.000032437
729,994,0,4.5,2.5,52
730,993,0,60.5,34.5,20
731,997,0.004210259,20,10,20.00007017
732,978,0.060375706,21,11,16.00100626
733,981,0,16,8,4
734,970,0.065409072,4,2,44.00109015
735,972,0.024516415,54,32,18.00040861
736,977,0,22.5,13.5,46
737,980,0.006227188,53,30,14.00010379
738,979,0,15,8,30
739,998,0.063423138,37.5,22.5,40.00105705
740,942,0.174322614,47.5,27.5,16.00290538
741,945,0.00262946,17.5,9.5,12.00004382
742,894,0.113669304,13.5,7.5,26.00189449
743,902,0.001065828,28.5,15.5,32.00001776
744,906,0.001829948,39,23,28.0000305
745,790,0.13262551,33,19,40.00221043
746,792,0,45.5,25.5,20
747,803,0,23,13,28
748,810,0,34.5,20.5,28
749,812,0,30.5,16.5,24
750,814,0,30,18,20
751,816,0.00774559,23,13,40.00012909
752,815,0.01403819,48,28,8.00023397
753,819,0.019155144,8,4,8.000319252
754,731,0.237328746,8,4,52.00395548
755,746,0.002913443,62,36,26.00004856
756,744,0.000589365,30,17,22.00000982
757,741,0.001128582,27,16,22.00001881
758,737,0.001287665,26.5,15.5,12.00002146
759,745,0.001765621,13,7,36.00002943
760,748,0.001253562,41,23,46.00002089
761,751,0.000353098,54.5,31.5,50.00000588
762,757,0.000282145,59.5,34.5,46.0000047
763,752,0.00047747,56,33,22.00000796
764,754,0.000111195,25.5,14.5,30.00000185
765,753,0.000780513,36,21,24.00001301
766,749,0.00047747,27.5,15.5,48.00000796
767,742,0.002030362,57,33,36.00003384
768,759,0.002289246,41,23,12.00003815
769,756,0.003964103,13,7,18.00006607
770,758,0.00066717,19.5,10.5,20.00001112
771,743,0.002289246,22.5,12.5,46.00003815
772,747,0.000589365,54.5,31.5,28.00000982
773,755,0.000846436,33.5,19.5,38.00001411
774,760,0.003964103,45,26,28.00006607
775,763,0.000642044,33,19,46.0000107
776,630,0.08696197,56,33,36.00144937
777,625,0.001642947,43,25,46.00002738
778,629,0.001130096,56,33,28.00001883
779,764,0.08696197,32,18,30.00144937
780,762,0.000364636,35,20,24.00000608
781,766,0.000441617,29.5,17.5,8.00000736
782,761,0.001686205,10,6,4.000028103
783,765,0.000364636,4,2,58.00000608
784,771,0.000620035,68,39,42.00001033
785,773,0.000412374,47.5,26.5,6.000006873
786,778,0.002629691,7.5,4.5,42.00004383
787,783,0.001166978,49.5,28.5,46.00001945
788,782,0,52.5,29.5,50
789,781,0,58,33,10
790,779,0.001166978,12,7,44.00001945
791,776,0.002103576,52,30,44.00003506
792,774,0.002629691,50.5,28.5,6.000043828
793,791,0.00963822,7,4,44.00016064
794,813,0.001627028,52,30,22.00002712
795,818,0.004551082,24,13,36.00007585
796,817,0.040023859,45,27,32.00066706
797,727,0.026449865,35.5,19.5,40.00044083
798,940,0.255141767,49,29,30.00425236
799,838,0.113526314,32.5,17.5,44.00189211
800,834,0.018653573,50,28,10.00031089
801,821,0.170319512,10,5,50.00283866
802,725,0.044459993,58.5,33.5,38.000741
803,724,0.000955088,46,27,38.00001592
804,785,0.14488884,47,28,28.00241481
805,788,0.001102973,34,20,26.00001838
806,787,0.001910263,31,18,58.00003184
807,786,0.001102973,67.5,38.5,34.00001838
808,789,0.001910263,41.5,24.5,18.00003184
809,811,0.00622934,18.5,9.5,36.00010382
810,907,0.132833031,40,22,20.00221388
811,910,0,21.5,11.5,20
812,917,0,24,14,52
813,926,0,62,36,24
814,928,0,26,14,26
815,964,0.135182948,27.5,14.5,38.00225305
816,967,0,45.5,26.5,42
817,892,0.149575037,48,27,38.00249292
818,891,0,46.5,27.5,28
819,890,0,35,21,14
820,889,0,14,7,52
821,888,0,62,36,8
822,887,0,10,6,46
823,886,0,55.5,32.5,52
824,885,0,61.5,35.5,54
825,884,0,63.5,36.5,20
826,883,0,21.5,11.5,28
827,882,0,35,21,38
828,881,0,44.5,25.5,2
829,895,0.004128858,2,1,12.00006881
830,901,0,13.5,7.5,34
831,900,0,38.5,21.5,46
832,899,0,54.5,31.5,34
833,898,0,37.5,20.5,46
834,897,0,53,30,30
835,896,0,33.5,18.5,50
836,903,0.00353473,60,35,16.00005891
837,905,0,16.5,8.5,56
838,904,0,65,37,8
839,968,0.151251294,9,5,26.00252085
840,777,0.281170024,31,18,54.00468617
841,768,0.00602054,63,36,36.00010034
842,772,0.00078055,42.5,24.5,24.00001301
843,769,0.000874046,25.5,13.5,44.00001457
844,739,0.004517622,52.5,30.5,38.00007529
845,735,0.001606684,47.5,28.5,48.00002678
846,733,0.001080125,55.5,31.5,40.000018
847,770,0.007353923,50,30,40.00012257
848,767,0.002054368,46,26,42.00003424
849,734,0.00762403,48.5,27.5,10.00012707
850,736,0.00040605,10.5,5.5,6.000006767
851,740,0.001870895,6,3,48.00003118
852,738,0.000668031,57.5,33.5,46.00001113
853,653,0.048086403,55,32,34.00080144
854,651,0.002119824,38,21,22.00003533
855,863,0.146700663,25.5,14.5,46.00244501
856,865,0.002326523,55,32,18.00003878
857,867,0,18.5,9.5,6
858,872,0.000761216,6.5,3.5,48.00001269
859,871,0,57,33,32
860,869,0.000558984,35.5,19.5,36.00000932
861,875,0.023704983,40,22,54.00039508
862,870,0.023604691,64,37,14.00039341
863,830,0.058980242,16.5,9.5,38.000983
864,833,0,42.5,23.5,22
865,839,0.018653573,25.5,14.5,16.00031089
866,866,0.032982042,16.5,8.5,16.0005497
867,877,0.043164813,19.5,11.5,40.00071941
868,837,0.235602774,49.5,29.5,12.00392671
869,941,0.113526314,13.5,7.5,58.00189211
870,1001,0.253758162,68,39,28.0042293
871,943,0.219898758,30,16,14.00366498
872,925,0.047290357,17.5,10.5,24.00078817
873,924,0,30,18,48
874,923,0,57.5,33.5,38
875,922,0,47,28,46
876,921,0,56,33,58
877,920,0,67.5,38.5,26
878,919,0,29,16,8
879,918,0,8.5,4.5,50
880,927,0.001557807,59,34,38.00002596
881,916,0.000642489,46.5,27.5,22.00001071
882,915,0,27,16,10
883,914,0,10,5,22
884,913,0,26.5,15.5,36
885,912,0,40.5,22.5,26
886,911,0,29,16,42
887,930,0.001159104,47.5,26.5,18.00001932
888,944,0.048642779,21,12,28.00081071
889,948,0.109925716,35,21,42.0018321
890,1037,0.14215209,48,27,26.0023692
891,1036,0.005551932,31,18,34.00009253
892,1042,0.133708317,39.5,22.5,30.00222847
893,1060,0.023921086,33.5,18.5,24.00039868
894,1052,0.000481579,28.5,16.5,48.00000803
895,1059,0,56,32,10
896,1073,0.002077974,11.5,6.5,40.00003463
897,1061,0.242301276,45.5,25.5,32.00403835
898,1065,0,38,22,28
899,1067,0,34,20,32
900,1069,0,36,20,38
901,1058,0.000776731,47.5,28.5,1.29E-05
902,1057,0,0,0,36
903,1056,0,41.5,23.5,56
904,1055,0,65.5,37.5,24
905,1054,0,25,13,10
906,1053,0,10.5,5.5,28
907,1051,0.000125361,30,16,18.00000209
908,1050,0,19.5,10.5,26
909,1070,0.000889756,27.5,14.5,40.00001483
910,1049,0.002156343,48,28,22.00003594
911,1068,0.001478494,25.5,14.5,34.00002464
912,1066,0.000160526,38,21,6.000002675
913,1064,0.000125361,7,4,20.00000209
914,1063,0,20.5,10.5,12
915,1062,0,15,9,14
916,1095,0.373079895,15,8,22.006218
917,1097,0.077428047,22.5,11.5,26.00129047
918,1099,0.011268775,30,17,20.00018781
919,1190,0.078245627,25,15,34.00130409
920,1187,0.010494182,42.5,25.5,20.0001749
921,1186,0.002494796,24.5,14.5,52.00004158
922,1191,0.010494182,60,34,42.0001749
923,1188,0.002933895,50.5,29.5,20.0000489
924,1193,0.006405582,20.5,10.5,50.00010676
925,1196,0.004322838,60,35,36.00007205
926,1199,0.009320739,43.5,25.5,46.00015535
927,1185,0.024826867,53,30,0.000413781
928,1183,0.019843317,0,0,30.00033072
929,1127,0.031574696,32.5,17.5,40.00052624
930,1184,0.03212034,47.5,27.5,20.00053534
931,1200,0.024826867,20,10,48.00041378
932,1219,0,56.5,32.5,14
933,1157,0.030286656,14,7,24.00050478
934,1160,0.002250921,25.5,13.5,28.00003752
935,1158,0.002250921,31.5,17.5,60.00003752
936,1162,0.063159383,70,40,42.00105266
937,1111,0.050945487,49.5,28.5,38.00084909
938,1114,0.071708283,44.5,25.5,50.00119514
939,1108,0.037138022,58.5,33.5,16.00061897
940,1103,0.012405748,19.5,11.5,50.00020676
941,1109,0.01186262,57.5,32.5,54.00019771
942,1443,0.129337869,62.5,35.5,20.00215563
943,1802,0.196110697,25,15,52.00326851
944,1800,0.003811537,62,36,46.00006353
945,1847,0.100636643,52.5,29.5,36.00167728
946,1846,0.007649321,42,24,44.00012749
947,1848,0.055377009,50,28,6.00092295
948,1850,0.001711831,7,4,30.00002853
949,1841,0.0175613,36,21,16.00029269
950,1843,0.000125352,17,9,34.00000209
951,1845,0,37.5,20.5,16
952,1844,0.002247248,20,12,12.00003745
953,1842,0.000256799,13,7,44.00000428
954,1849,0.074181307,54,32,20.00123636
955,1852,0.068131186,24,14,46.00113552
956,1862,0.10102704,55,32,44.00168378
957,1867,0.008280307,50.5,28.5,26.00013801
958,1864,0.000969757,27.5,14.5,22.00001616
959,1866,0,26,15,14
960,1865,0,15,8,8
961,1868,0.001041707,9.5,5.5,2.000017362
962,1870,0,2,1,20
963,1872,0,24,14,46
964,1871,0.008387388,54,31,36.00013979
965,1869,0.004261877,44,26,4.000071031
966,1873,0.012635677,4,2,50.00021059
967,1858,0.27668397,59.5,34.5,18.0046114
968,1877,0.14908196,20.5,11.5,18.0024847
969,1876,0.002526159,19,10,34.0000421
970,1878,0.004525252,39.5,22.5,38.00007542
971,1881,0.018319701,44.5,25.5,34.00030533
972,1880,0.019088201,42.5,25.5,12.00031814
973,1882,0.00322932,13.5,7.5,30.00005382
974,1885,0,33.5,18.5,22
975,1891,0.066440595,23.5,12.5,30.00110734
976,1890,0.083556109,35.5,20.5,10.0013926
977,1887,0.015279602,12,7,30.00025466
978,1886,0.07436103,34,19,20.00123935
979,1888,0.002470789,23.5,13.5,22.00004118
980,1879,0.081397189,24,13,36.00135662
981,1889,0.09083368,42,24,10.00151389
982,1892,0.083556109,11,6,32.0013926
983,1900,0.062195453,38.5,22.5,26.00103659
984,1902,0.016156848,27.5,14.5,42.00026928
985,1904,0.000376022,51.5,30.5,22.00000627
986,1906,0.000618304,23,12,22.00001031
987,1912,0.000532339,24,13,36.00000887
988,1909,0.000206101,44,26,52.00000344
989,1911,5.78E-05,61.5,35.5,42.00000096
990,1907,0.000532339,50.5,29.5,16.00000887
991,1922,0.001239438,17.5,9.5,18.00002066
992,1924,0.000229789,21,12,58.00000383
993,1926,0.000115688,68,39,38.00000193
994,1925,0.000570455,47.5,28.5,20.00000951
995,1927,0.000481386,20,10,34.00000802
996,1893,0.305941759,39,22,12.00509903
997,1901,0.03949134,14,8,28.00065819
998,1903,0.008547805,35,21,14.00014246
999,1908,0.00360086,16.5,9.5,32.00006001
1000,1910,0.000125341,40,24,48.00000209
1001,1913,0.000229789,55.5,31.5,38.00000383
1002,1916,5.78E-05,46.5,27.5,26.00000096
1003,1915,0.000125341,28,15,8.000002089
1004,1914,5.78E-05,9.5,5.5,26.00000096
1005,1917,0.000125341,28.5,15.5,30.00000209
1006,1919,0,37,22,46
1007,1923,0.000461962,55,32,46.0000077
1008,1920,0.000641848,54.5,31.5,34.0000107
1009,1918,0.00157383,41,24,30.00002623
1010,1921,0.00157383,36.5,21.5,36.00002623
1011,1905,0.003843385,44,26,44.00006406
1012,1894,0.058515108,54,32,22.00097525
1013,1837,0.486740029,24,13,42.00811233
1014,1839,0.002905508,51.5,30.5,26.00004843
1015,861,0.692350062,32.5,19.5,8.011539168
1016,859,0.004447189,9.5,5.5,8.00007412
1017,847,0.013741697,10,6,42.00022903
1018,536,0.403392627,48.5,27.5,38.00672321
1019,486,0.075222408,44.5,25.5,16.00125371
1020,520,0.102810686,19,11,26.00171351
1021,522,0,30.5,17.5,22
1022,545,0.162035933,22.5,11.5,6.002700599
1023,547,0.001919097,7.5,4.5,52.00003198
1024,567,0.058948364,60,34,14.00098247
1025,569,0.000173815,17.5,10.5,44.0000029
1026,568,0.000231753,50.5,28.5,44.00000386
1027,570,5.79E-05,53,31,20.00000097
1028,574,0.000525133,22,12,40.00000875
1029,572,0.00036521,45,25,16.00000609
1030,565,0.00180703,19.5,11.5,10.00003012
1031,548,0.060366918,10.5,5.5,24.00100612
1032,550,0,27.5,15.5,40
1033,549,0,50,30,2
1034,601,0.14173829,2.5,1.5,48.0023623
1035,712,0.212436352,58,34,40.00354061
1036,589,0.1075314,47.5,27.5,40.00179219
1037,591,0,48.5,28.5,38
1038,590,0.002143611,47,28,30.00003573
1039,592,0.002143611,36.5,21.5,36.00003573
1040,597,0.001698493,43,25,34.00002831
1041,595,0.002151164,41,24,44.00003585
1042,637,0.058260626,52.5,30.5,32.00097101
1043,639,0.017802798,38,22,36.00029671
1044,599,0.0636316,44.5,26.5,20.00106053
1045,478,0.356495514,22.5,12.5,30.00594159
1046,480,0,37.5,22.5,16
1047,476,0.013457177,17.5,9.5,54.00022429
1048,481,0.009832254,62.5,35.5,10.00016387
1049,479,0.01545354,11,6,40.00025756
1050,482,0.01545354,45.5,25.5,44.00025756
1051,484,0,50.5,28.5,30
1052,490,0.074347056,34,19,24.00123912
1053,492,0.000778364,25.5,13.5,18.00001297
1054,488,0.001604237,21.5,12.5,24.00002674
1055,485,0.076457842,28.5,16.5,14.0012743
1056,820,0.532820215,16.5,9.5,44.00888034
1057,832,0.262782577,53,31,14.00437971
1058,831,0,14.5,7.5,36
1059,1356,0.459344233,42,24,40.00765574
1060,1478,0.067192589,47,27,56.00111988
1061,1476,0.000521581,65.5,37.5,24.00000869
1062,1467,0.002850567,25.5,13.5,30.00004751
1063,1469,0,35.5,20.5,14
1064,1472,0.000954128,17.5,10.5,42.0000159
1065,1470,0.002633572,50,29,26.00004389
1066,1462,0.003191858,31,18,44.0000532
1067,1464,0,53,31,44
1068,1460,0.001388597,52.5,30.5,50.00002314
1069,1471,0.003191858,58,33,54.0000532
1070,1473,0.002573867,63,36,38.0000429
1071,1475,0,44.5,25.5,18
1072,1474,0,22,13,40
1073,1479,0.000521581,48,28,8.69E-06
1074,1481,0.000412755,0,0,34.00000688
1075,1483,0.000521581,41,24,44.00000869
1076,1487,0.000933898,52.5,30.5,28.00001556
1077,1452,0.088563811,33.5,19.5,20.00147606
1078,1466,0.003175583,20.5,10.5,46.00005293
1079,1463,0.001748546,54.5,31.5,28.00002914
1080,1477,0.0045238,34.5,20.5,8.000075397
1081,1480,0.001182072,8.5,4.5,46.0000197
1082,1482,0.000481859,55,32,36.00000803
1083,1485,0.001808846,44.5,26.5,36.00003015
1084,1468,0.006025295,41,23,36.00010042
1085,1449,0.005399255,43,25,22.00008999
1086,1458,0.003656774,23.5,12.5,12.00006095
1087,1465,0.001388597,15,9,38.00002314
1088,1447,0.006734354,45.5,26.5,4.000112239
1089,1416,0.005218708,4.5,2.5,36.00008698
1090,1409,0.003873283,45,27,34.00006455
1091,1412,0.004448175,39.5,22.5,36.00007414
1092,1418,0.003459216,42,24,28.00005765
1093,1413,0.003459216,33.5,19.5,42.00005765
1094,1454,0.007683839,49,28,40.00012806
1095,1457,0,47.5,27.5,34
1096,1456,0,42.5,25.5,42
1097,1455,0,48,27,22
1098,1450,0.003656774,26,15,32.00006095
1099,1414,0.005974114,36,20,36.00009957
1100,1407,0.004590794,42.5,24.5,46.00007651
1101,1448,0.008756065,53.5,30.5,30.00014593
1102,1461,0.008243787,32.5,17.5,32.0001374
1103,1459,0.003895709,37.5,21.5,32.00006493
1104,1486,0.013499628,37.5,21.5,28.00022499
1105,1484,0.000933898,30,16,48.00001556
1106,1495,0.041814475,58,34,24.00069691
1107,1743,0.064716569,29,17,32.00107861
1108,1747,0.00012539,35.5,19.5,20.00000209
1109,1113,0.175760539,23,13,54.00292934
1110,1112,0.071708283,63.5,36.5,44.00119514
1111,1101,0.059931226,51.5,29.5,38.00099885
1112,1141,0.043761415,47.5,28.5,42.00072936
1113,1488,0.153759052,50,29,50.00256265
1114,1492,0,59.5,34.5,22
1115,1494,0.003232947,27,16,34.00005388
1116,1730,0.024067228,42,25,22.00040112
1117,1754,0.006323197,22.5,11.5,34.00010539
1118,1761,0.000685455,42.5,25.5,48.00001142
1119,1760,0.000462614,57,33,46.00000771
1120,1759,0,56,33,6
1121,1758,0,7.5,4.5,24
1122,1757,0,25.5,13.5,20
1123,1756,0,21.5,11.5,28
1124,1762,0.000462614,31,17,18.00000771
1125,1755,0.003222962,21.5,12.5,16.00005372
1126,1763,0.002537541,19.5,11.5,46.00004229
1127,1806,0.079205074,53.5,30.5,32.00132008
1128,1808,0.013904879,35.5,19.5,28.00023175
1129,1832,0.008917368,30,16,14.00014862
1130,1834,0.000727221,15.5,8.5,30.00001212
1131,1833,0.003308547,35.5,20.5,40.00005514
1132,1835,0.003761158,46,26,24.00006269
1133,1764,0.205170027,26,14,24.0034195
1134,1767,0,30,18,46
1135,1769,0,54.5,31.5,30
1136,1790,0,35,20,24
1137,1792,0,26.5,14.5,12
1138,1796,0.001783235,12.5,6.5,44.00002972
1139,1799,0.001863121,52.5,30.5,38.00003105
1140,1797,0.002380614,45,26,46.00003968
1141,1795,0.004217523,54,31,36.00007029
1142,1793,0.001783235,40.5,22.5,44.00002972
1143,1803,0.006734601,50,28,4.000112243
1144,1794,0.010208062,4,2,40.00017013
1145,1798,0.004217523,50,30,26.00007029
1146,1804,0.008307276,32,19,20.00013845
1147,1791,0.055169264,23.5,13.5,18.00091949
1148,1805,0.055169264,21,12,28.00091949
1149,1836,0.127311627,33.5,19.5,8.00212186
1150,1801,0.159783232,8.5,4.5,8.002663054
1151,1444,0.196110697,10,6,22.00326851
1152,1165,0.067588938,22.5,11.5,14.00112648
1153,1164,0.003126867,17.5,10.5,30.00005211
1154,1166,0.007452081,32.5,17.5,34.0001242
1155,1168,0.001204424,38,21,22.00002007
1156,1122,0.040838905,27.5,16.5,4.000680648
1157,1169,0.048910273,4,2,38.00081517
1158,1445,0.067638537,42.5,23.5,26.00112731
1159,1423,0.015001344,31,18,8.000250022
1160,1442,0,8.5,4.5,34
1161,1441,0,38,21,28
1162,1440,0,35,21,48
1163,1439,0,56,32,16
1164,1438,0,16,8,30
1165,1437,0,32.5,17.5,34
1166,1436,0,39,22,40
1167,1435,0,47.5,27.5,12
1168,1434,0,12.5,6.5,32
1169,1433,0,40,24,20
1170,1432,0,25,15,34
1171,1431,0,37.5,20.5,14
1172,1430,0,17.5,10.5,10
1173,1429,0,10.5,5.5,22
1174,1428,0,27.5,16.5,26
1175,1427,0,31,18,8
1176,1426,0,8,4,36
1177,1425,0,42.5,24.5,38
1178,1424,0,47.5,28.5,40
1179,1149,0.107842263,46.5,26.5,22.00179737
1180,1380,0.147385081,26.5,15.5,0.002456418
1181,1401,0.008289864,0,0,36.00013816
1182,1374,0.025609189,45,27,18.00042682
1183,1410,0.014854876,19,10,24.00024758
1184,1421,0.002400913,28.5,16.5,18.00004002
1185,1411,0.002778819,20,11,42.00004631
1186,1420,0.004389292,49.5,28.5,18.00007315
1187,1375,0.018977364,22.5,13.5,34.00031629
1188,1371,0.055100601,38,21,32.00091834
1189,1378,0.005431749,38,22,30.00009053
1190,1180,0.045768956,34.5,19.5,34.00076282
1191,1176,0.000347202,37.5,20.5,34.00000579
1192,1175,0,39.5,22.5,28
1193,1174,5.79E-05,30.5,16.5,12.00000096
1194,1178,0.000889559,12.5,6.5,46.00001483
1195,1379,0.046167195,54,31,22.00076945
1196,1396,0.041633223,27,16,26.00069389
1197,1859,0.272657643,31,18,10.00454429
1198,1838,0.257072899,10.5,5.5,30.00428455
1199,1861,0.061672668,36,21,54.00102788
1200,1853,0.10102704,63.5,36.5,46.00168378
1201,1857,0,55,32,28
1202,1856,0,30.5,16.5,34
1203,1855,0,42,25,30
1204,1854,0,32.5,17.5,22
1205,1851,0.173915877,22.5,11.5,12.0028986
1206,1895,0.453388814,13.5,7.5,42.00755648
1207,1897,0.00478453,51.5,30.5,34.00007974
1208,1899,0.005357381,42.5,25.5,12.00008929
1209,1898,0.005357381,12.5,6.5,14.00008929
1210,1896,0.014422779,15,8,32.00024038
1211,1929,0.115997397,36.5,20.5,20.00193329
1212,1931,0.002769858,21,11,14.00004616
1213,1933,0.002063382,14,7,44.00003439
1214,1935,0.000206101,52.5,30.5,48.00000344
1215,1938,0.001566371,57,33,36.00002611
1216,1937,0.000589035,45,27,46.00000982
1217,1934,0.000513417,53,30,10.00000856
1218,1936,0.001893851,11.5,6.5,14.00003156
1219,1939,0.000589035,15.5,8.5,34.00000982
1220,1945,0.001520309,39.5,22.5,36.00002534
1221,1949,0.001365324,42.5,24.5,44.00002276
1222,1948,0.001583368,51,29,24.00002639
1223,1944,0.00071843,28.5,16.5,42.00001197
1224,1940,0.001520309,50.5,29.5,6.000025338
1225,1943,0.001030699,6,3,40.00001718
1226,1941,0.000962775,49.5,29.5,42.00001605
1227,1947,0.001579376,49.5,28.5,48.00002632
1228,1950,0.001583368,57,33,44.00002639
1229,1956,0.004289792,52,30,22.0000715
1230,1984,0.004307971,24.5,13.5,42.0000718
1231,1983,0.000689351,50,29,24.00001149
1232,1976,0.00093536,28.5,16.5,12.00001559
1233,1988,0.000412086,15,9,42.00000687
1234,1994,0.001259235,49.5,28.5,44.00002099
1235,2004,0.002773884,51,29,58.00004623
1236,2008,0,68,39,52
1237,2003,0.002408491,61,35,28.00004014
1238,2002,0,30,16,26
1239,2001,0,28.5,15.5,12
1240,2000,0,12.5,6.5,34
1241,2009,0.002408491,40,23,48.00004014
1242,2007,0.005066882,57.5,33.5,22.00008445
1243,2006,0,23.5,12.5,44
1244,2005,0,50,28,44
1245,2010,0.005066882,51,29,10.00008445
1246,2037,0.65559066,10.5,5.5,26.01092651
1247,2039,0.050933751,30,17,42.0008489
1248,2038,0.051410964,50.5,29.5,16.00085685
1249,2040,0.002489419,17.5,9.5,30.00004149
1250,2043,0.178777855,33.5,18.5,48.00297963
1251,2045,0.007011184,56.5,32.5,26.00011685
1252,2044,0.340874388,31,18,26.00568124
1253,2046,0.346609527,27.5,14.5,32.00577683
1254,2041,5.744362337,35,19,24.09573937
1255,2032,0.427531343,27.5,15.5,44.00712552
1256,2036,0.007070077,54,32,26.00011783
1257,2011,0.65559066,29.5,16.5,32.01092651
1258,1999,0.477478907,38.5,22.5,28.00795798
1259,1995,0.002773884,32.5,18.5,26.00004623
1260,1997,0,28.5,15.5,38
1261,1996,0.001966009,44,25,50.00003277
1262,1991,0.00152304,58.5,33.5,54.00002538
1263,1993,0,64,37,20
1264,1992,0,21,11,48
1265,1989,0.001259235,58,34,24.00002099
1266,1987,0.001127969,29.5,17.5,36.0000188
1267,1977,0.000412086,45,27,32.00000687
1268,1980,0,38,22,30
1269,1982,0,34.5,19.5,56
1270,1981,0,65.5,37.5,50
1271,1985,0.000689351,58,33,46.00001149
1272,1973,0.000570306,55.5,32.5,26.00000951
1273,1971,0.000797459,30.5,17.5,42.00001329
1274,1969,0.000353061,50,29,28.00000588
1275,1963,0.000954816,34,20,20.00001591
1276,1966,0,24,14,38
1277,1972,0.000530482,45,26,32.00000884
1278,1968,0.000256626,35.5,19.5,36.00000428
1279,1967,0.000206043,44.5,26.5,34.00000343
1280,1975,0.000655337,37.5,20.5,40.00001092
1281,1961,0.000809496,49,29,32.00001349
1282,1970,0.000954816,38.5,22.5,26.00001591
1283,1986,0.000718203,30.5,17.5,40.00001197
1284,1990,0.001127969,45.5,25.5,56.0000188
1285,1998,0.003472833,65.5,37.5,24.00005788
1286,1962,0.006072926,27,15,20.00010122
1287,1960,0.001131835,21,11,18.00001886
1288,1974,0.002013633,20.5,11.5,26.00003356
1289,1965,0.004257332,32,19,7.10E-05
1290,1964,0,0,0,22
1291,1979,0.00067379,26,15,60.00001123
1292,1978,0,70,40,42
1293,1959,0.00200105,51.5,30.5,16.00003335
1294,1958,0,20,12,36
1295,1957,0.009796081,40,22,42.00016327
1296,2016,0.135395703,48.5,27.5,28.0022566
1297,2015,0.001880169,34,20,46.00003134
1298,2023,0.022573387,55,32,38.00037622
1299,2025,0.025525943,45,26,42.00042543
1300,2027,0.066390113,47.5,26.5,38.0011065
1301,2029,0.084480261,45,26,12.001408
1302,2033,0.056506547,12.5,6.5,50.00094178
1303,2035,0.006432503,60,35,14.00010721
1304,2034,0.006432503,15,8,14.00010721
1305,2030,0.063338011,17,10,38.00105563
1306,2017,0.179739832,43,24,44.00299566
1307,2014,0.021531432,53.5,31.5,24.00035886
1308,2018,0.0069889,25.5,13.5,46.00011648
1309,2020,0.003729612,55.5,32.5,6.00006216
1310,2022,0.002898718,7,4,46.00004831
1311,2013,0.143255243,54.5,31.5,12.00238759
1312,2019,0.020812202,15,9,32.00034687
1313,2021,0.000570324,35,19,30.00000951
1314,2024,0.04670384,33.5,18.5,14.0007784
1315,2026,0.045768427,14,7,38.00076281
1316,2028,0.086245501,43,24,18.00143743
1317,2031,0.414396388,22,13,42.00690661
1318,2042,0.427531343,47.5,26.5,50.00712552
1319,2012,0.663834987,60,35,6.011063916
1320,1884,1.454815051,7.5,4.5,14.02424692
1321,1883,0,15,8,6
1322,1874,0.602293822,6.5,3.5,20.01003823
1323,1863,0.154427705,22,12,24.0025738
1324,1875,0.14586586,26,14,32.0024311
1325,1928,0.329387934,38,22,54.0054898
1326,1930,0.116438079,63.5,36.5,36.00194063
1327,1932,0.004338324,40,22,10.00007231
1328,1946,0.00314136,11,6,28.00005236
1329,1942,0.001579376,32.5,18.5,10.00002632
1330,1953,0.002297107,10,5,3.83E-05
1331,1952,0.001227783,0,0,24.00002046
1332,1951,0.005916281,28,16,16.0000986
1333,1954,0.001227783,16.5,8.5,42.00002046
1334,1789,0.751092833,51.5,30.5,32.01251821
1335,1788,0,40,24,34
1336,1787,0,40,23,40
1337,1786,0,45,25,8
1338,1785,0,9.5,5.5,50
1339,1784,0,60,35,26
1340,1783,0,31,18,36
1341,1782,0,42,24,12
1342,1781,0,14.5,8.5,22
1343,1780,0,22.5,11.5,42
1344,1779,0,51,30,20
1345,1778,0,24,14,24
1346,1777,0,26,14,26
1347,1776,0,29.5,16.5,30
1348,1775,0,36,21,22
1349,1774,0,23.5,12.5,56
1350,1773,0,66,38,58
1351,1772,0,67.5,38.5,14
1352,1771,0,17,10,48
1353,1770,0,55,31,48
1354,1768,0.001224511,57,33,24.00002041
1355,1766,0.001894066,25,13,50.00003157
1356,1765,0,57.5,32.5,22
1357,935,0.57559295,26,15,26.00959322
1358,938,0.011909285,28,15,18.00019849
1359,879,0.064536173,19.5,10.5,42.0010756
1360,946,0.118392023,50,29,34.0019732
1361,1034,0.137417393,40.5,23.5,18.00229029
1362,1098,0.065744412,22,13,6.00109574
1363,1094,0.124963423,6,3,26.00208272
1364,1096,0.002230668,28.5,15.5,54.00003718
1365,1072,0.057629145,63.5,36.5,46.00096049
1366,1043,0.024140777,53.5,30.5,30.00040235
1367,1046,0.001227922,34.5,19.5,8.000020465
1368,1045,0.000983966,8.5,4.5,16.0000164
1369,1044,0.001227922,18,10,36.00002047
1370,1047,0.000983966,40.5,22.5,20.0000164
1371,1071,0.005605059,21,11,8.000093418
1372,1048,0.050771741,10,6,46.0008462
1373,988,0.108517275,56,33,26.00180862
1374,1748,0.296072458,29.5,16.5,20.00493454
1375,1751,0,21,11,46
1376,1753,0,55.5,32.5,26
1377,1731,0.006323197,30,17,46.00010539
1378,1496,0.079020156,52.5,29.5,46.001317
1379,1500,0.002734596,53,30,10.00004558
1380,1538,0,11.5,6.5,32
1381,1565,0,36,20,44
1382,1623,0,52,30,28
1383,1724,0,30,16,32
1384,1086,0.256059945,38,22,20.00426767
1385,1085,0,23,13,16
1386,1084,0,16.5,8.5,44
1387,1082,0.001395852,52,30,8.000023264
1388,1081,0,8.5,4.5,28
1389,1080,0,34,20,34
1390,1079,0,38,21,10
1391,1078,0,10,5,22
1392,966,0.150545353,26,15,34.00250909
1393,965,0,38.5,21.5,44
1394,958,0.022224279,51.5,29.5,20.0003704
1395,957,0,23.5,13.5,12
1396,715,0.265219643,14,8,60.00442033
1397,714,0.011120096,70,40,18.00018533
1398,716,0.011120096,18.5,9.5,14.00018533
1399,718,0,14.5,7.5,58
1400,717,0.002952924,67.5,38.5,22.00004922
1401,719,0.002952924,27,16,16.00004922
1402,618,0.135125548,16,8,16.00225209
1403,624,0.003264458,18,10,28.00005441
1404,631,0.001642947,34.5,20.5,24.00002738
1405,633,0,27.5,15.5,24
1406,632,0.002463344,26,14,4.000041056
1407,636,0.002300511,5,3,28.00003834
1408,641,0.025874021,30.5,16.5,18.00043123
1409,634,0.214351908,19.5,10.5,10.00357253
1410,623,0.004355944,10,5,24.0000726
1411,628,0.002235915,25,13,52.00003727
1412,626,0.001130096,61,35,22.00001883
1413,620,0.002187066,27,16,38.00003645
1414,627,0.023721896,43,24,46.00039536
1415,619,0.005119092,54,31,24.00008532
1416,635,0.006828343,28,16,28.00011381
1417,621,0.03589476,33.5,19.5,28.00059825
1418,617,0.018980903,34.5,20.5,14.00031635
1419,616,0,16.5,9.5,54
1420,615,0,62.5,35.5,34
1421,614,0,37.5,20.5,46
1422,613,0,52.5,29.5,38
1423,612,0,44,25,24
1424,611,0,28.5,16.5,32
1425,610,0,37,21,28
1426,609,0,32.5,18.5,46
1427,608,0,54.5,31.5,18
1428,607,0,22.5,13.5,40
1429,606,0,46.5,26.5,54
1430,605,0,64,37,16
1431,604,0,19.5,11.5,48
1432,603,0,56,32,44
1433,622,0.018980903,54,32,52.00031635
1434,687,0.119804793,61.5,35.5,20.00199675
1435,686,0.000376066,21.5,11.5,20.00000627
1436,681,0.002271586,22,12,8.00003786
1437,678,0.000642039,8,4,2.000010701
1438,688,0.000718741,2,1,16.00001198
1439,679,0.00078457,17,9,14.00001308
1440,690,0.004363362,14.5,7.5,32.00007272
1441,708,0,37.5,21.5,44
1442,676,0.039115236,50.5,28.5,28.00065192
1443,680,0.006883418,31.5,17.5,58.00011472
1444,683,0.000689393,68,39,48.00001149
1445,682,0.001561027,55.5,31.5,12.00002602
1446,689,0.000977471,12,6,48.00001629
1447,685,0.001646073,55.5,31.5,10.00002743
1448,677,0.047095273,11,6,28.00078492
1449,684,0.00208351,34.5,20.5,46.00003473
1450,659,0.011627197,55,32,36.00019379
1451,675,0,43,25,42
1452,658,0.010097509,51.5,30.5,48.00016829
1453,656,0.011502733,56,32,24.00019171
1454,643,0.01068059,30,18,8.00017801
1455,649,0.005636279,8.5,4.5,10.00009394
1456,648,0,11,6,10
1457,647,0,10,5,48
1458,646,0,57.5,33.5,50
1459,644,0.005636279,59,34,8.000093938
1460,674,0.012677865,8.5,4.5,60.0002113
1461,673,0,70,40,46
1462,672,0,53.5,30.5,42
1463,671,0,51.5,30.5,2
1464,670,0,2.5,1.5,48
1465,669,0,55,31,10
1466,668,0,10,5,38
1467,667,0,46,27,16
1468,666,0,16,8,14
1469,665,0,17.5,10.5,46
1470,664,0,54,31,32
1471,663,0,35.5,19.5,20
1472,662,0,23.5,13.5,12
1473,661,0,12,6,44
1474,660,0,53.5,31.5,36
1475,655,0.017491423,45,27,14.00029152
1476,657,0.003166797,16.5,9.5,42.00005278
1477,709,0.048900944,51,30,40.00081502
1478,707,0.001148962,45.5,25.5,16.00001915
1479,706,0,18.5,10.5,34
1480,705,0,40.5,23.5,34
1481,704,0,40,23,52
1482,703,0,60,34,28
1483,702,0,31.5,17.5,20
1484,701,0,23,13,52
1485,700,0,62,36,34
1486,699,0,39,22,36
1487,698,0,41.5,23.5,30
1488,697,0,37,22,22
1489,696,0,25,14,22
1490,695,0,23,12,20
1491,694,0,25,15,22
1492,693,0,27.5,16.5,8
1493,692,0,8.5,4.5,42
1494,691,0,50.5,29.5,36
1495,710,0.001148962,45,27,26.00001915
1496,857,0.170869891,29.5,16.5,14.00284783
1497,856,0,16.5,9.5,44
1498,855,0,54,32,18
1499,854,0,19,10,22
1500,853,0,27,16,12
1501,711,0.170869891,15,9,40.00284783
1502,602,0.212436352,48.5,28.5,20.00354061
1503,720,0.135125548,23,13,48.00225209
1504,722,0.00296738,58,34,30.00004946
1505,581,0.167183511,37,22,16.00278639
1506,583,0.000111195,19.5,11.5,38.00000185
1507,728,0.464060524,45,26,34.00773434
1508,730,0.002966741,41.5,24.5,48.00004945
1509,1100,0.928335867,56.5,32.5,16.01547226
1510,750,0.444298891,20,12,26.00740498
1511,732,0.004365265,32,19,20.00007275
1512,729,0.002372996,23,13,32.00003955
1513,721,0.186096681,37.5,21.5,44.00310161
1514,523,0.31688823,50,28,38.00528147
1515,600,0.412443488,47.5,28.5,32.00687406
1516,509,0.496386514,38.5,22.5,20.00827311
1517,585,0.436257324,22.5,12.5,44.00727096
1518,933,0.389228219,52.5,30.5,10.00648714
1519,1093,0.285268557,12,7,14.00475448
1520,1493,0.207813397,14,7,46.00346356
1521,1491,0.006791768,54.5,31.5,44.0001132
1522,1490,0,52.5,30.5,20
1523,1489,0,22,12,30
1524,1860,0.280051949,36,21,42.00466753
1525,1090,0.436200582,47.5,26.5,56.00727001
1526,713,0.430091913,65,37,30.0071682
1527,530,0.302434491,37.5,22.5,22.00504057
1528,546,0.074435593,24.5,13.5,36.00124059
1529,538,0.049246156,42,24,20.00082077
1530,541,0,24.5,14.5,24
1531,540,0.001288612,25.5,13.5,10.00002148
1532,539,0,10,5,44
1533,531,0.118179919,54,32,8.001969665
1534,451,0.169818048,8.5,4.5,16.0028303
1535,456,0.013701118,16.5,8.5,40.00022835
1536,505,0.084589388,48,28,18.00140982
1537,504,0,20.5,11.5,24
1538,494,0.03493683,30,18,32.00058228
1539,457,0.094922777,35.5,19.5,44.00158205
1540,461,0,54,32,44
1541,459,0.000125384,51,29,42.00000209
1542,458,0,51,30,22
1543,462,0.000125384,27,16,50.00000209
1544,466,0.000160599,58.5,33.5,30.00000268
1545,463,0.000797536,34.5,19.5,26.00001329
1546,460,0.000229813,29.5,16.5,32.00000383
1547,465,0.000125384,39.5,23.5,56.00000209
1548,467,0.000669681,65.5,37.5,50.00001116
1549,464,0.063302681,59.5,34.5,20.00105504
1550,468,0.062970448,22.5,12.5,26.00104951
1551,516,0.07809201,27.5,14.5,30.00130153
1552,518,0,36.5,21.5,52
1553,529,0.045328747,60,34,42.00075548
1554,427,0.34993541,47.5,26.5,26.00583226
1555,426,0.000530782,31,18,20.00000885
1556,428,0.000111195,22.5,12.5,4.000001853
1557,430,0.005595544,4,2,38.00009326
1558,429,0.014451483,47,28,26.00024086
1559,431,0.018334963,31,18,26.00030558
1560,18,1.159987277,30,17,26.01933312
1561,432,1.013486601,30.5,17.5,26.01689144
1562,446,0.115516644,28.5,15.5,44.00192528
1563,469,0.184126039,54,32,36.00306877
1564,511,0.086264461,42.5,24.5,30.00143774
1565,515,0,33.5,18.5,50
1566,587,0.227019947,59.5,34.5,26.00378367
1567,642,0.450038571,31,18,16.00750064
1568,276,0.743745223,20,12,48.01239575
1569,250,0.143344976,56,32,26.00238908
1570,95,0.275930516,28,15,54.00459884
1571,38,0.211922264,63.5,36.5,40.00353204
1572,36,0.037041105,47.5,27.5,38.00061735
1573,34,0.007680278,43.5,24.5,10.000128
1574,25,0.012047384,12,7,40.00020079
1575,31,0.002044754,47,27,48.00003408
1576,33,0,55.5,31.5,36
1577,32,0,42,24,40
1578,30,0.001797717,46,26,18.00002996
1579,29,0,22.5,13.5,30
1580,28,0,37.5,22.5,34
1581,27,0,38,21,42
1582,26,0.002044754,51.5,30.5,50.00003408
1583,76,0.568580054,59.5,34.5,14.00947633
1584,74,0.000206157,15.5,8.5,14.00000344
1585,62,0.027842967,17,10,2.000464049
1586,54,0.008895363,2,1,28.00014826
1587,57,0.00020621,35,21,58.00000344
1588,59,0,68,39,30
1589,61,0,32.5,17.5,32
1590,58,0.014534512,35,19,46.00024224
1591,60,0.010385839,52.5,29.5,10.0001731
1592,12,0.294155874,10,5,24.0049026
1593,439,0.872251773,29.5,17.5,26.01453753
1594,425,0.128446041,28,15,48.00214077
1595,424,0.000376142,57.5,33.5,38.00000627
1596,423,0.000160588,43.5,24.5,34.00000268
1597,422,0.000282244,42.5,25.5,52.0000047
1598,418,0.000420487,60,34,22.00000701
1599,421,0,24,13,26
1600,417,0.000412643,31,18,14.00000688
1601,414,0.000160588,17,10,52.00000268
1602,416,0,60,34,14
1603,412,0.000206321,16,9,26.00000344
1604,415,0.000229811,31.5,18.5,44.00000383
1605,413,0.000229811,53.5,31.5,52.00000383
1606,411,0.000353133,61.5,35.5,46.00000589
1607,410,0.000338578,52.5,29.5,40.00000564
1608,420,0.000289656,47,27,14.00000483
1609,419,0,16.5,9.5,10
1610,409,0.030204938,10,5,18.00050342
1611,397,0.075318566,19,10,8.001255309
1612,396,0,9,5,50
1613,388,0.000173794,59.5,34.5,18.0000029
1614,390,0,19,10,34
1615,389,0,39,22,54
1616,386,0.00044478,62.5,35.5,46.00000741
1617,385,0,55.5,32.5,32
1618,384,0,35.5,19.5,32
1619,378,5.79E-05,36,20,14.00000097
1620,393,0.000115863,15.5,8.5,26.00000193
1621,392,0,31.5,18.5,48
1622,376,0.000250762,58,34,46.00000418
1623,375,0,54.5,31.5,44
1624,374,0,53.5,31.5,44
1625,373,0,50,28,24
1626,372,0,27.5,15.5,44
1627,371,0,50.5,28.5,22
1628,290,0.039216167,24.5,13.5,20.0006536
1629,408,0.31000446,21,11,26.00516674
1630,406,0.501099741,30,17,42.00835166
1631,444,0.156865628,49,28,26.00261443
1632,264,0.315421555,32,19,14.00525703
1633,286,0.459782458,14,7,30.00766304
1634,288,0.00020628,36.5,21.5,32.00000344
1635,809,0.889299305,35,19,22.01482166
1636,808,0,26,15,28
1637,807,0,34,20,6
1638,806,0,7,4,26
1639,805,0,27.5,14.5,36
1640,804,0,42,24,24
1641,802,0.002335093,27,15,4.000038918
1642,801,0,4.5,2.5,24
1643,800,0,30,18,34
1644,799,0,39.5,22.5,26
1645,798,0,30,17,42
1646,797,0,48.5,27.5,16
1647,796,0,19,11,26
1648,795,0,29,16,26
1649,794,0,29,16,28
1650,793,0,30,16,36
1651,976,0.290430206,45,27,42.0048405
1652,975,0,48.5,27.5,4
1653,974,0,5,3,44
1654,973,0,52.5,30.5,46
1655,1725,1.05942484,53.5,30.5,22.01765708
1656,1497,0.006787219,23.5,12.5,22.00011312
1657,1499,0,24.5,13.5,28
1658,1726,0.00439138,34.5,20.5,14.00007319
1659,1729,0,14.5,7.5,52
1660,1732,0.005991379,62,36,48.00009986
1661,1742,0,56,32,30
1662,1741,0,37,22,52
1663,1740,0,62,36,38
1664,1739,0,44.5,25.5,44
1665,1738,0,53,31,20
1666,1737,0,23.5,13.5,28
1667,1736,0,30.5,16.5,36
1668,1735,0,45,27,10
1669,1734,0,10.5,5.5,34
1670,1733,0,38.5,21.5,46
1671,1744,0.000797544,54,31,12.00001329
1672,1746,0,15,9,8
1673,1745,0,9,5,42
1674,1750,0.000405655,47.5,26.5,40.00000676
1675,1749,0,50,30,52
1676,1752,0.000602362,60,34,12.00001004
1677,586,0.848620244,13.5,7.5,26.01414367
1678,588,0.011330805,28.5,15.5,22.00018885
1679,932,0.56454128,22.5,11.5,26.00940902
1680,1840,2.191171405,28,15,36.03651952
1681,1031,0.640314664,40.5,22.5,44.01067191
1682,1018,0.003889222,51,29,14.00006482
1683,1016,5.78E-05,14,7,44.00000096
1684,1020,0.000448524,53.5,31.5,36.00000748
1685,1008,0.001976807,44,26,26.00003295
1686,1032,0.004538162,28,15,44.00007564
1687,909,0.357629571,52,30,20.00596049
1688,908,0,25,15,46
1689,1106,0.759425599,56,33,28.01265709
1690,543,1.69295263,34.5,20.5,32.02821588
1691,521,0.082831307,40,24,48.00138052
1692,517,0.01302347,56.5,32.5,24.00021706
1693,514,0.011297573,27,15,38.00018829
1694,513,0,47,28,38
1695,512,0,47,28,32
1696,507,0.006865795,40,24,30.00011443
1697,483,0.044708579,34,19,24.00074514
1698,593,0.53095793,25,13,44.0088493
1699,598,0.002151164,52.5,30.5,56.00003585
1700,594,0.011921256,65,37,50.00019869
1701,640,0.065546559,60,35,28.00109244
1702,596,0.062196989,31.5,17.5,20.00103662
1703,165,0.865986019,20,10,28.0144331
1704,169,0.700857718,31,17,22.01168096
1705,122,0.085553804,23.5,12.5,54.0014259
1706,2,1.283205643,62.5,35.5,18.02138676
1707,1955,3.702915049,22,13,16.06171525
1708,1002,3.7109222,20,12,32.0618487
1709,92,1.617692578,35.5,19.5,46.02696154
1710,79,0.006357524,54.5,31.5,28.00010596
1711,89,0.010451216,30.5,16.5,40.00017419
1712,88,0,48,28,44
1713,81,0.012248337,52,30,12.00020414
1714,64,0.019828548,14.5,8.5,30.00033048
1715,67,0.010537733,37.5,22.5,18.00017563
1716,66,0.003478011,20.5,11.5,14.00005797
1717,56,0.014679627,17,10,34.00024466
1718,55,0.00020621,41,24,38.00000344
1719,638,6.627473143,45.5,26.5,24.11045789
1720,1004,0.520557079,29.5,17.5,24.00867595
1721,1298,0.266199341,29,17,50.00443666
1722,1218,0.009287657,57.5,32.5,26.00015479
1723,1217,0,32.5,19.5,28
1724,1216,0,31.5,17.5,8
1725,1215,0,9,5,44
1726,1214,0,52.5,30.5,46
1727,1213,0,53,30,18
1728,1212,0,19.5,10.5,18
1729,1211,0,22,13,36
1730,1210,0,40,22,42
1731,1209,0,49,28,0
1732,1208,0,0,0,34
1733,1207,0,39,22,28
1734,1206,0,32,18,32
1735,1205,0,40,24,30
1736,1204,0,32.5,17.5,4
1737,1203,0,4.5,2.5,36
1738,1202,0,40,22,54
1739,1201,0,63.5,36.5,32
1740,1280,0.002334579,36.5,20.5,26.00003891
1741,1279,0,31.5,18.5,44
1742,1278,0,52.5,30.5,26
1743,1277,0,31.5,18.5,38
1744,1276,0,45,26,18
1745,1275,0,21,12,18
1746,1274,0,21.5,12.5,50
1747,1273,0,58.5,33.5,28
1748,1272,0,34.5,20.5,36
1749,1271,0,42.5,24.5,36
1750,1270,0,41,23,36
1751,1269,0,45,27,40
1752,1268,0,45,25,14
1753,1267,0,15,8,16
1754,1266,0,18.5,10.5,10
1755,1265,0,10,5,20
1756,1264,0,23.5,13.5,24
1757,1263,0,30,18,2
1758,1262,0,2,1,44
1759,1261,0,54,32,26
1760,1260,0,29.5,16.5,50
1761,1259,0,59.5,34.5,28
1762,1258,0,30.5,16.5,18
1763,1257,0,20.5,11.5,42
1764,1256,0,49,28,14
1765,1255,0,15.5,8.5,26
1766,1254,0,31.5,18.5,34
1767,1253,0,37.5,20.5,46
1768,1252,0,55,32,16
1769,1251,0,19,11,18
1770,1250,0,18,9,34
1771,1249,0,38.5,21.5,52
1772,1248,0,60.5,34.5,44
1773,1247,0,50,28,38
1774,1246,0,47,28,36
1775,1245,0,44.5,26.5,46
1776,1244,0,52.5,29.5,50
1777,1243,0,58,33,42
1778,1242,0,50,29,32
1779,1241,0,36,20,48
1780,1240,0,58,34,36
1781,1239,0,44.5,26.5,56
1782,1238,0,65,37,38
1783,1237,0,43.5,24.5,16
1784,1236,0,16.5,8.5,34
1785,1235,0,38.5,21.5,44
1786,1234,0,54,32,20
1787,1233,0,25,15,6
1788,1232,0,7,4,2
1789,1231,0,2,1,40
1790,1230,0,46,26,38
1791,1229,0,44,25,24
1792,1228,0,28,16,34
1793,1227,0,42,25,30
1794,1226,0,34.5,19.5,34
1795,1225,0,40,23,20
1796,1224,0,21.5,11.5,44
1797,1223,0,52.5,30.5,20
1798,1222,0,21.5,11.5,4
1799,1221,0,4,2,28
1800,1564,0.087400674,34,20,22.00145668
1801,1563,0,24,13,30
1802,1562,0,35,20,22
1803,1561,0,25,14,26
1804,1560,0,31.5,18.5,44
1805,1559,0,51,29,16
1806,1558,0,17.5,9.5,36
1807,1557,0,42,24,26
1808,1556,0,30,17,14
1809,1555,0,14.5,7.5,28
1810,1554,0,30,16,46
1811,1553,0,54,31,30
1812,1552,0,35.5,20.5,52
1813,1551,0,60.5,34.5,26
1814,1550,0,32,19,44
1815,1549,0,50,28,12
1816,1548,0,12.5,6.5,12
1817,1547,0,13.5,7.5,36
1818,1546,0,40.5,22.5,40
1819,1545,0,50,30,42
1820,1544,0,51.5,30.5,30
1821,1543,0,34.5,19.5,44
1822,1542,0,54,32,20
1823,1541,0,23,13,26
1824,1540,0,30.5,17.5,28
1825,1539,0,32.5,18.5,34
1826,1723,0.002801565,40.5,23.5,28.00004669
1827,1722,0,33.5,19.5,36
1828,1721,0,44,26,52
1829,1720,0,60.5,34.5,24
1830,1719,0,30,18,16
1831,1718,0,20,12,32
1832,1717,0,37.5,21.5,36
1833,1716,0,45,27,20
1834,1715,0,23,13,50
1835,1714,0,58,33,12
1836,1713,0,12.5,6.5,36
1837,1712,0,43.5,25.5,36
1838,1711,0,42.5,24.5,40
1839,1710,0,47.5,27.5,8
1840,1709,0,8.5,4.5,36
1841,1708,0,43,25,52
1842,1707,0,61.5,35.5,30
1843,1706,0,34,19,12
1844,1705,0,15,9,16
1845,1704,0,16.5,8.5,36
1846,1703,0,43,25,18
1847,1702,0,22.5,13.5,32
1848,1701,0,39,23,24
1849,1700,0,30,18,40
1850,1699,0,48.5,28.5,12
1851,1698,0,15,9,46
1852,1697,0,55.5,32.5,26
1853,1696,0,31.5,18.5,2
1854,1695,0,2.5,1.5,28
1855,1694,0,32.5,18.5,44
1856,1693,0,51.5,29.5,28
1857,1692,0,31.5,17.5,30
1858,1691,0,37.5,22.5,8
1859,1690,0,8.5,4.5,48
1860,1689,0,55,31,50
1861,1688,0,59,34,28
1862,1687,0,31.5,17.5,28
1863,1686,0,34.5,20.5,28
1864,1685,0,30,16,38
1865,1684,0,47.5,28.5,30
1866,1683,0,34.5,19.5,22
1867,1682,0,26,15,4
1868,1681,0,5,3,12
1869,1680,0,15,9,18
1870,1679,0,20,11,42
1871,1678,0,52,31,16
1872,1677,0,17.5,9.5,14
1873,1676,0,17,10,18
1874,1675,0,22,13,12
1875,1674,0,12.5,6.5,24
1876,1673,0,28.5,16.5,56
1877,1672,0,65,37,24
1878,1671,0,29,17,4
1879,1670,0,4,2,18
1880,1669,0,22,13,14
1881,1668,0,15,8,22
1882,1667,0,22.5,11.5,36
1883,1666,0,44.5,26.5,12
1884,1665,0,14.5,8.5,20
1885,1664,0,23.5,13.5,10
1886,1663,0,10.5,5.5,46
1887,1662,0,56,33,42
1888,1661,0,51,30,6
1889,1660,0,7,4,26
1890,1659,0,32,19,30
1891,1658,0,37,22,38
1892,1657,0,44.5,25.5,24
1893,1656,0,26,14,18
1894,1655,0,21,12,48
1895,1654,0,55.5,31.5,40
1896,1653,0,45,25,60
1897,1652,0,70,40,6
1898,1651,0,7,4,30
1899,1650,0,34.5,19.5,54
1900,1649,0,63,36,42
1901,1648,0,48.5,27.5,24
1902,1647,0,26,14,40
1903,1646,0,45.5,25.5,50
1904,1645,0,57.5,32.5,44
1905,1644,0,54,32,24
1906,1643,0,28,16,30
1907,1642,0,33.5,18.5,48
1908,1641,0,55,31,16
1909,1640,0,18,10,26
1910,1639,0,32,19,12
1911,1638,0,12.5,6.5,18
1912,1637,0,20,11,24
1913,1636,0,27.5,15.5,14
1914,1635,0,17,10,52
1915,1634,0,60,34,36
1916,1633,0,44.5,26.5,30
1917,1632,0,33.5,18.5,46
1918,1631,0,52.5,29.5,2
1919,1630,0,2,1,42
1920,1629,0,49,28,40
1921,1628,0,48,28,32
1922,1627,0,38,22,38
1923,1626,0,45,26,48
1924,1625,0,57.5,33.5,24
1925,1624,0,28,16,10
1926,1622,0.000376227,10,5,50.00000627
1927,1621,0,59.5,34.5,36
1928,1620,0,40,22,24
1929,1619,0,26,14,10
1930,1618,0,12.5,7.5,36
1931,1617,0,43,25,42
1932,1616,0,48,27,8
1933,1615,0,8.5,4.5,30
1934,1614,0,35.5,20.5,36
1935,1613,0,42.5,24.5,38
1936,1612,0,46,27,10
1937,1611,0,10,5,44
1938,1610,0,53,31,18
1939,1609,0,21.5,12.5,20
1940,1608,0,20.5,10.5,28
1941,1607,0,30,16,52
1942,1606,0,61.5,35.5,54
1943,1605,0,64,37,18
1944,1604,0,20,11,10
1945,1603,0,11.5,6.5,34
1946,1602,0,37.5,20.5,16
1947,1601,0,19,11,20
1948,1600,0,20.5,10.5,38
1949,1599,0,43.5,24.5,38
1950,1598,0,46.5,27.5,30
1951,1597,0,35.5,20.5,22
1952,1596,0,23,12,34
1953,1595,0,37.5,20.5,44
1954,1594,0,51,29,48
1955,1593,0,58,34,40
1956,1592,0,45,25,24
1957,1591,0,28.5,16.5,22
1958,1590,0,26,15,18
1959,1589,0,18.5,9.5,42
1960,1588,0,49.5,28.5,24
1961,1587,0,28.5,16.5,28
1962,1586,0,33,19,8
1963,1585,0,9,5,6
1964,1584,0,6.5,3.5,32
1965,1583,0,36.5,20.5,32
1966,1582,0,37.5,21.5,26
1967,1581,0,28,15,10
1968,1580,0,10,5,56
1969,1579,0,66,38,10
1970,1578,0,10.5,5.5,8
1971,1577,0,9.5,5.5,6
1972,1576,0,7.5,4.5,20
1973,1575,0,22,12,24
1974,1574,0,29.5,17.5,32
1975,1573,0,38,22,16
1976,1572,0,19,11,40
1977,1571,0,47,27,6
1978,1570,0,7.5,4.5,12
1979,1569,0,12,6,36
1980,1568,0,40,22,6
1981,1567,0,7,4,42
1982,1566,0,49.5,28.5,6
1983,1537,0.001890027,6.5,3.5,38.0000315
1984,1536,0,46,27,24
1985,1535,0,26,14,48
1986,1534,0,55,31,32
1987,1533,0,35,19,12
1988,1532,0,13.5,7.5,14
1989,1531,0,17,10,20
1990,1530,0,23,13,42
1991,1529,0,51.5,30.5,20
1992,1528,0,23.5,13.5,48
1993,1527,0,57.5,33.5,54
1994,1526,0,63,36,48
1995,1525,0,56.5,32.5,32
1996,1524,0,40,24,28
1997,1523,0,31,17,38
1998,1522,0,47,28,54
1999,1521,0,63,36,18
2000,1520,0,19,10,36
2001,1519,0,44.5,26.5,30
2002,1518,0,32.5,17.5,10
2003,1517,0,12,7,22
2004,1516,0,27,16,36
2005,1515,0,44,26,24
2006,1514,0,26,14,24
2007,1513,0,28.5,16.5,34
2008,1512,0,39.5,22.5,26
2009,1511,0,31,18,22
2010,1510,0,22.5,11.5,30
2011,1509,0,34,19,40
2012,1508,0,48,28,8
2013,1507,0,10,6,28
2014,1506,0,34.5,20.5,22
2015,1505,0,24,13,38
2016,1504,0,45,26,20
2017,1503,0,23.5,13.5,14
2018,1502,0,15.5,8.5,40
2019,1501,0,46,26,42
2020,1728,0.09434651,51,30,28.00157244
2021,1727,0,32.5,18.5,50
2022,1807,0.140583389,58,33,20.00234306
2023,1809,0.005046593,21,11,52.00008411
2024,1831,0,62,36,16
2025,1830,0.006104788,16,8,0.000101746
2026,1829,0,0,0,16
2027,1828,0,20,12,38
2028,1827,0,45.5,26.5,30
2029,1826,0,36.5,21.5,42
2030,1825,0,51,30,18
2031,1824,0,18,9,30
2032,1823,0,32.5,17.5,22
2033,1822,0,26.5,15.5,30
2034,1821,0,33.5,18.5,30
2035,1820,0,36,21,36
2036,1819,0,41,23,38
2037,1818,0,44,25,36
2038,1817,0,40.5,22.5,52
2039,1816,0,62,36,24
2040,1815,0,30,18,40
2041,1814,0,47,27,18
2042,1813,0,18,9,54
2043,1812,0,62.5,35.5,54
2044,1811,0,62.5,35.5,32
2045,1810,0,38,22,22
2046,1498,0.241579039,24.5,13.5,22.00402632
2047,2047,15.65009102,26.5,15.5,8.26083485

