"","total_route","single_distance","single_cargo_weight","single_cargo_volume","total_travel_time"
"1",1,0,0,0,0
"2",3,0,56,33,18
"3",10,0,18.5,9.5,4
"4",51,0.135904656221871,4.5,2.5,6.0022650776037
"5",70,0.108243036582361,7,4,10.0018040506097
"6",72,0.0135841557919628,11,6,42.0002264025965
"7",75,0.00732517121461999,50,29,26.0001220861869
"8",77,0,29.5,16.5,32
"9",83,0.000462949329121344,35.5,19.5,50.0000077158222
"10",82,0.00267869819883233,59,34,44.00004464497
"11",81,0,51.5,29.5,20
"12",80,0,24.5,14.5,12
"13",79,0,12.5,6.5,14
"14",78,0.000462949329121344,16.5,9.5,42.0000077158222
"15",74,0.00243048397797904,50.5,29.5,18.0000405080663
"16",84,0.00456814010645346,19.5,10.5,12.0000761356684
"17",86,0.141544626172931,15,9,60.0023590771029
"18",90,0,70,40,44
"19",92,0.00200576407846425,52.5,30.5,52.0000334294013
"20",94,0.00635580525366716,61,35,38.0001059300876
"21",91,0.0154395145255657,47,28,30.0002573252421
"22",95,0.0136884362752908,34.5,19.5,32.0002281406046
"23",93,0.0186409943439302,38.5,22.5,20.0003106832391
"24",96,0.0219522399850035,21.5,11.5,36.0003658706664
"25",98,0,41,23,26
"26",103,0.0116375669896443,29.5,16.5,28.0001939594498
"27",102,0.00466008591723456,32.5,18.5,22.0000776680986
"28",105,0.000231750996265037,27.5,16.5,30.0000038625166
"29",110,0.0410366895224342,33.5,18.5,46.0006839448254
"30",48,0.305279012952463,56,33,12.0050879835492
"31",45,0.0296295393780102,14.5,8.5,16.0004938256563
"32",47,0.00445382346011772,16,8,24.000074230391
"33",26,0.130414503397641,30,18,30.0021735750566
"34",28,0,37,22,8
"35",30,0,8,4,18
"36",32,0,20.5,11.5,40
"37",34,0,47,27,60
"38",37,0,70,40,38
"39",39,0,44,25,16
"40",41,0,18.5,10.5,32
"41",43,0,39.5,23.5,34
"42",42,0.001779118827689,40.5,23.5,48.0000296519805
"43",44,0.001779118827689,55.5,31.5,12.0000296519805
"44",40,0.00696788133993514,14,8,22.0001161313557
"45",38,0.00496229685031734,27,16,48.0000827049475
"46",36,0.00635588297725016,57,33,20.000105931383
"47",35,0,24,14,28
"48",27,0.00590616001636152,31,17,44.0000984360003
"49",31,0.0170756963042406,53.5,31.5,18.0002845949384
"50",29,0.00668496767722666,20,11,30.000111416128
"51",46,0.0157548528776175,37,22,46.0002625808813
"52",33,0.0337866800216326,55,32,36.0005631113337
"53",25,0.00764330264499529,41,23,20.0001273883774
"54",24,0.0151583850514928,25,15,28.0002526397509
"55",23,0,32,18,18
"56",49,0.0455942254620058,18,9,30.0007599037577
"57",11,0.135904656221871,35,20,44.0022650776037
"58",20,0.00184900834392707,54,32,10.0000308168057
"59",2,0.182573149425048,11,6,32.0030428858237
"60",21,0.182573149425048,39,23,14.0030428858238
"61",52,0.10912867144237,15.5,8.5,36.0018188111907
"62",99,0.221122228148291,44.5,26.5,6.00368537046914
"63",101,0,6,3,36
"64",104,0.00466008591723456,45,27,46.0000776680986
"65",107,0.00820951847828979,55.5,32.5,24.000136825308
"66",53,0.282651216801482,29,17,12.0047108536134
"67",55,0,12.5,6.5,22
"68",57,0,27,16,24
"69",60,0,29.5,17.5,24
"70",62,0,29,17,42
"71",64,0,49,28,30
"72",54,0.0346570593329653,37.5,22.5,20.0005776176555
"73",65,0.0346570593329653,24.5,14.5,10.0005776176555
"74",68,0,10,5,32
"75",73,0.0243359158353254,35,19,26.0004055985973
"76",76,0.00653036506659779,29,16,50.0001088394178
"77",71,0.0141236735460784,58.5,33.5,30.0002353945591
"78",69,0.027206811706947,36,21,14.0004534468618
"79",85,0.170723987507067,17,10,42.0028453997918
"80",22,0.228044670421827,50,29,24.003800744507
"81",50,0.304159556053941,27.5,15.5,40.0050693259342
"82",111,0.357561441648534,50,30,18.0059593573608
"83",113,0,21,12,32
"84",115,0.0152503963147659,38,22,28.0002541732719
"85",117,0,32,18,18
"86",119,0.00411400812006492,22,13,44.000068566802
"87",122,0.00206244464913615,53,31,40.0000343740775
"88",125,0.00270865986944506,49,29,8.00004514433116
"89",129,0,9,5,2
"90",124,0.000811434208235176,2,1,8.00001352390347
"91",123,0.00270865986944506,10,6,20.0000451443312
"92",130,0.000811434208235176,21.5,11.5,32.0000135239035
"93",136,0.0049632410821391,35.5,19.5,8.27206847023183e-05
"94",138,0,0,0,12
"95",134,0.0228486886340596,12,6,50.0003808114772
"96",132,0.0133936487666827,58,33,48.0002232274794
"97",128,0.00568952764223082,55,31,34.0000948254607
"98",127,0,39.5,22.5,42
"99",126,0,52,31,26
"100",120,0.00324573238137697,32,19,16.0000540955397
"101",133,0.00585936459478548,18,10,24.0000976560766
"102",121,0.0193953739764592,27.5,15.5,42.0003232562329
"103",137,0.0075164856504495,52,31,40.0001252747608
"104",131,0.00977712761037978,49.5,29.5,54.0001629521268
"105",118,0.0102850269925065,62.5,35.5,16.0001714171165
"106",135,0.020692999200769,20,12,22.00034488332
"107",139,0.0497938040333539,23.5,12.5,32.0008298967339
"108",141,0,40,24,24
"109",140,0.0029191705059921,26,14,10.0000486528418
"110",142,0.0029191705059921,11,6,42.0000486528418
"111",149,0.0596316143001945,50,29,16.0009938602383
"112",151,0,18.5,10.5,26
"113",153,0,32.5,19.5,36
"114",157,0.0154423023133603,43.5,25.5,36.0002573717052
"115",156,0.0314603911672615,40.5,22.5,32.0005243398528
"116",154,0.0154423023133603,38,22,26.0002573717052
"117",166,0.0377437446623172,32.5,19.5,44.000629062411
"118",163,0.0042150236953465,50.5,28.5,8.00007025039492
"119",165,0,10,6,54
"120",167,0.00273075808262034,62.5,35.5,38.0000455126347
"121",189,0.0529531602535505,44,25,32.0008825526709
"122",193,0.0142413012679668,36,20,8.00023735502113
"123",200,0.012492396836458,9.5,5.5,58.0002082066139
"124",203,0.00286532828025464,68,39,42.0000477554713
"125",201,0.00486474247381549,51,30,10.0000810790412
"126",213,0.0052159895161974,10,5,12.0000869331586
"127",202,0.0060624754291399,12,6,24.0001010412572
"128",214,0.0060624754291399,28,16,36.0001010412572
"129",212,0.00462694270310145,44.5,26.5,16.0000771157117
"130",204,0.00830886414776509,16.5,8.5,10.0001384810691
"131",210,0.00369116072078255,10,5,14.0000615193453
"132",215,0.00473458108678808,14.5,7.5,24.0000789096848
"133",195,0.261918444749687,29.5,17.5,34.0043653074125
"134",199,0,38,21,46
"135",208,0.010745253183413,52.5,29.5,20.0001790875531
"136",205,0.00369116072078255,25,15,36.0000615193454
"137",198,0.00701133744499593,41.5,23.5,18.0001168556241
"138",197,0,19.5,10.5,20
"139",196,0,21,11,30
"140",206,0.00701133744499593,36,21,38.0001168556241
"141",217,0.00415324396657254,45,26,28.0000692207328
"142",223,0,31.5,17.5,28
"143",226,0,34.5,20.5,22
"144",232,0,26,15,48
"145",234,0,57.5,33.5,12
"146",238,0.00797601272458449,12,6,18.0001329335454
"147",235,0.0142641479356313,20,11,24.0002377357989
"148",237,0,25.5,13.5,12
"149",239,0.00653126040652864,14.5,8.5,30.0001088543401
"150",241,0,37.5,22.5,20
"151",244,0,20.5,10.5,22
"152",190,0.125722711677327,22.5,11.5,36.002095378528
"153",192,0.0102048958604315,40,22,28.0001700815977
"154",191,0.0254155948845276,32,18,44.0004235932481
"155",168,0.0652746645124761,52.5,30.5,36.0010879110752
"156",170,0,43,25,14
"157",172,0,15.5,8.5,24
"158",174,0,28.5,16.5,18
"159",176,0,19.5,10.5,56
"160",178,0,65,37,14
"161",181,0,16.5,9.5,12
"162",183,0,12,6,38
"163",188,0.00300875269983896,44.5,25.5,12.0000501458783
"164",245,0.146338100672989,14,8,36.0024389683445
"165",249,0.00187088096798662,42,24,6.00003118134947
"166",246,0.00385209995747019,7.5,4.5,34.000064201666
"167",248,0,41.5,24.5,48
"168",250,0.00237228466387203,58,34,28.0000395380777
"169",247,0.0021991831174086,34,20,24.000036653052
"170",251,0.0021991831174086,26.5,14.5,54.000036653052
"171",271,0.0681277839138454,62.5,35.5,28.0011354630652
"172",273,0.0018127832634358,32,18,28.0000302130544
"173",276,0,34,20,34
"174",272,0.0179269800683776,39,22,26.0002987830011
"175",275,0.000231823028100022,32,19,6.00000386371713
"176",274,0,6,3,40
"177",278,0.00301501366200784,45,25,44.0000502502277
"178",280,0,52.5,30.5,46
"179",283,0,54.5,31.5,22
"180",406,0.221176969317803,22.5,11.5,50.003686282822
"181",422,0.00278124857522829,58,33,30.0000463541429
"182",430,0.0045684633443473,33.5,18.5,20.0000761410557
"183",425,0.00104296893100089,23,13,32.0000173828155
"184",428,0,36,20,30
"185",423,0.0045684633443473,37,22,16.0000761410557
"186",431,0.00104296893100089,19.5,11.5,26.0000173828155
"187",410,0.0201947442191456,30,17,30.0003365790703
"188",412,0,37,22,34
"189",414,0,40.5,23.5,24
"190",444,0.0090327369305135,27.5,15.5,44.0001505456155
"191",385,0.0955626479835803,50,28,50.0015927107997
"192",389,0,58.5,33.5,48
"193",461,0.147464589385736,56,32,32.0024577431564
"194",463,0,40,24,8
"195",471,0.00650648465727204,10,6,34.000108441411
"196",479,0.00551053094216156,40.5,23.5,34.0000918421824
"197",478,0.0100442195240393,42,25,10.0001674036587
"198",472,0.00551053094216156,10.5,5.5,34.0000918421824
"199",474,0,38.5,21.5,22
"200",473,0.00187111648472448,23.5,12.5,6.00003118527475
"201",475,0.00187111648472448,7,4,38.0000311852747
"202",465,0.0219233864180355,46,27,28.0003653897736
"203",470,0.00312323775603296,33,19,26.0000520539626
"204",464,0.00650648465727204,31,18,40.000108441411
"205",466,0.00300933989305065,45,25,56.0000501556649
"206",468,0,65,37,24
"207",480,0.0113291665436114,25.5,13.5,28.0001888194424
"208",496,0.0577386262012841,31,17,28.0009623104367
"209",510,0.251830601798219,34.5,20.5,4.00419717669664
"210",512,0.0169115717461821,5,3,16.0002818595291
"211",515,0.0495364029349337,18,10,6.00082560671558
"212",514,0.0235286818888367,7,4,28.0003921446981
"213",516,0.0296357286448186,30.5,16.5,50.0004939288107
"214",518,0,58.5,33.5,30
"215",520,0,33.5,18.5,30
"216",522,0,36,21,32
"217",524,0,39.5,23.5,36
"218",526,0,40,22,18
"219",528,0,21,12,12
"220",530,0.00191515692481646,14,8,38.0000319192821
"221",532,0,47,28,42
"222",529,0.0143524886954697,48.5,27.5,38.0002392081449
"223",533,0.0134399151853483,45.5,26.5,34.0002239985864
"224",683,0.489860121622074,41.5,24.5,48.0081643353604
"225",685,0.0182845412103427,55.5,31.5,18.0003047423535
"226",679,0.373599497627354,19,10,8.00622665829379
"227",678,0.00997149049531905,8,4,28.0001661915083
"228",669,0.0984921754800041,34,20,44.001641536258
"229",671,0.0186811076263617,54,32,42.0003113517938
"230",553,0.884520646295764,51,30,24.0147420107716
"231",567,0.0059754265806426,25.5,13.5,46.000099590443
"232",572,0.00179414533373763,52.5,29.5,42.0000299024222
"233",574,0,48,27,34
"234",595,0.00155420192405715,38.5,21.5,26.0000259033654
"235",597,0,31,18,34
"236",599,0,42.5,25.5,28
"237",643,0.00712283854512962,35,21,2.00011871397575
"238",646,0.00115859330801213,2,1,40.0000193098885
"239",648,0,46.5,26.5,44
"240",640,0.00481508379998336,51,29,16.0000802513967
"241",635,0.00139031133328079,19.5,11.5,40.0000231718556
"242",633,0.00206217492035402,49.5,29.5,34.000034369582
"243",628,0.00195525188548765,42.5,25.5,22.0000325875314
"244",558,0.0116835630035694,24,13,48.0001947260501
"245",556,0.00791602501935929,55,31,28.0001319337503
"246",629,0.0116835630035694,32.5,18.5,36.0001947260501
"247",631,0,41,23,40
"248",625,0.00273082896754447,49.5,29.5,22.0000455138161
"249",624,0.00120377063789698,24,13,8.00002006284397
"250",622,0.00115859145231464,8.5,4.5,14.0000193098575
"251",618,0.000926875918487195,15.5,8.5,42.000015447932
"252",608,0.00120376951290623,49,28,36.0000200628252
"253",610,0,42.5,24.5,24
"254",607,0.000231718661749825,28.5,16.5,48.0000038619777
"255",601,0.000811014944321673,55.5,31.5,16.0000135169157
"256",606,0.00106155612339438,16,8,22.0000176926021
"257",611,0.000231718661749825,23.5,12.5,44.0000038619777
"258",596,0.00173789075715888,51,29,14.000028964846
"259",612,0.00173789075715888,16,9,40.000028964846
"260",587,0.00254890527740555,50,30,16.0000424817546
"261",590,0,16,8,8
"262",593,0,8.5,4.5,32
"263",575,0.00155420192405715,37.5,21.5,16.0000259033654
"264",586,0.000811016614116913,20,12,24.0000135169436
"265",594,0.0018384879268688,25.5,13.5,32.0000306414654
"266",619,0.00248206841583843,39.5,23.5,4.00004136780693
"267",614,0.000115859463029847,4,2,42.000001930991
"268",616,0,51.5,30.5,36
"269",592,0.00361131416183045,44.5,26.5,16.0000601885694
"270",591,0,20,12,18
"271",577,0.00104273731672642,21.5,12.5,28.0000173789553
"272",559,0.0141693794845168,30.5,16.5,18.0002361563247
"273",563,0.0037078763263803,19.5,10.5,18.0000617979388
"274",578,0.0232058320800852,19,10,32.000386763868
"275",583,0,36,20,12
"276",585,0,15,9,18
"277",584,0,20.5,11.5,42
"278",576,0.000811016614116913,47.5,26.5,4.00001351694357
"279",617,0.00438211806241263,4,2,20.000073035301
"280",620,0.00089707266370685,25,15,10.0000149512111
"281",598,0.00259056137067863,11.5,6.5,28.0000431760228
"282",589,0.000695154712655327,32,18,20.0000115859119
"283",588,0,20.5,10.5,18
"284",621,0.00325221919542529,18,9,32.0000542036533
"285",632,0.00318466533793932,35,19,28.0000530777556
"286",636,0.00206217492035402,31.5,17.5,10.000034369582
"287",638,0,12,7,20
"288",626,0.00173789274464152,25,15,44.0000289648791
"289",634,0.00195525188548765,50,28,50.0000325875314
"290",641,0.00139031133328079,60,35,46.0000231718556
"291",645,0.000926875706449759,54.5,31.5,36.0000154479284
"292",652,0.000926874646262304,45,27,60.0000154479108
"293",657,0,70,40,40
"294",661,0.00382334654540481,46.5,26.5,28.0000637224424
"295",660,0.00330108383828899,31.5,17.5,52.000055018064
"296",663,0.00282505476976798,62,36,26.0000470842462
"297",662,0.00551757741802939,30.5,17.5,12.0000919596236
"298",658,0.00544852303267009,13,7,46.0000908087172
"299",651,0.00150617302270448,55,32,42.0000251028837
"300",647,0.00187105538743226,50,29,32.0000311842565
"301",656,0.00106155554741618,39,23,18.0000176925925
"302",655,0,22.5,13.5,28
"303",654,0,32.5,18.5,0
"304",653,0,0,0,30
"305",644,0.0033868890091508,34.5,19.5,24.0000564481502
"306",642,0.000926875706449759,26.5,14.5,28.0000154479284
"307",600,0.00712283854512962,34,20,4.00011871397575
"308",613,0.00225792610394609,4.5,2.5,46.0000376321017
"309",605,0.000926875706818256,52.5,29.5,22.0000154479284
"310",604,0,24,13,14
"311",602,0.00106155612339438,14,7,44.0000176926021
"312",615,0.0036769751055394,54,32,10.0000612829184
"313",603,0.0036769751055394,12.5,7.5,22.0000612829184
"314",623,0.00205613983815504,22.5,11.5,38.0000342689973
"315",637,0.0026996759816806,43.5,24.5,50.0000449945997
"316",639,0.0017791188248597,58,33,36.0000296519804
"317",650,0.00380188915882705,41.5,23.5,28.0000633648193
"318",659,0.00150617302270448,35,21,26.0000251028837
"319",649,0.00557838392047265,30.5,17.5,22.0000929730653
"320",627,0.00575409051243363,23.5,12.5,44.0000959015085
"321",630,0.0044477970663932,50.5,28.5,56.0000741299511
"322",573,0.00748863954319496,65,37,32.0001248106591
"323",568,0.00278919172028653,35,19,26.0000464865287
"324",554,0.017982538712689,27.5,14.5,60.0002997089785
"325",544,0.11246076474953,70,40,18.0018743460792
"326",551,0.0131067622856172,18.5,9.5,22.0002184460381
"327",560,0.0168975862860807,24,13,22.0002816264381
"328",562,0,25.5,14.5,22
"329",561,0,23,12,42
"330",582,0.00782100754997895,48,27,30.0001303501258
"331",581,0,35.5,20.5,14
"332",580,0,16.5,9.5,36
"333",579,0,41.5,23.5,22
"334",571,0.00240754114895242,26.5,15.5,48.0000401256858
"335",570,0,55.5,31.5,4
"336",566,0.00115859516334001,4,2,26.0000193099194
"337",565,0.00450179327463747,29.5,16.5,18.0000750298879
"338",569,0.0204808505960724,21,12,38.0003413475099
"339",664,0.0214524594807369,45,26,38.0003575409913
"340",552,0.0595680146471673,45.5,26.5,10.0009928002441
"341",542,0.1030055242656,11,6,28.0017167587378
"342",555,0.133605934757791,31.5,17.5,24.0022267655793
"343",564,0.00386881554231844,27,15,36.000064480259
"344",665,0.0331519604072072,43,25,50.0005525326735
"345",545,0.0831920815606176,59.5,34.5,56.0013865346927
"346",666,0.0851056158302619,65.5,37.5,34.0014184269305
"347",668,0,42.5,25.5,54
"348",546,0.174072071082058,63,36,54.0029012011847
"349",548,0,64,37,22
"350",550,0,24,13,58
"351",543,0.40074674615228,68,39,36.0066791124359
"352",523,0.501849440945522,44.5,26.5,52.0083641573491
"353",521,0.230085103909405,60.5,34.5,42.0038347517318
"354",519,0.1183271368428,47.5,26.5,6.00197211894738
"355",527,0.166548185811745,7.5,4.5,30.0027758030969
"356",445,0.563845429810847,35.5,20.5,24.0093974238302
"357",447,0,25.5,13.5,18
"358",449,0.00894377347053396,22,13,34.0001490628912
"359",451,0,39.5,22.5,40
"360",453,0,48,28,26
"361",455,0,28,15,44
"362",457,0.0214877096287629,51,29,18.0003581284938
"363",405,0.0375173723067928,19,10,50.0006252895384
"364",443,0.0503991380233941,58.5,33.5,24.0008399856337
"365",446,0.00418447176312288,30,18,42.0000697411961
"366",411,0.00804601231842828,51,30,32.0001341002053
"367",415,0.011566595058639,35.5,19.5,32.0001927765843
"368",413,0.00444930673508214,39.5,23.5,42.0000741551123
"369",427,0.00393911707068594,50.5,29.5,26.0000656519512
"370",426,0,27.5,14.5,18
"371",433,0.00306460344827101,18.5,9.5,36.0000510767241
"372",436,0,41,23,26
"373",440,0,31.5,18.5,32
"374",442,0,35,19,8
"375",429,0.0338421749072487,9.5,5.5,28.0005640362485
"376",441,0.0046960453805617,32.5,18.5,58.000078267423
"377",439,0.000897077247168761,68,39,34.0000149512875
"378",438,0,37.5,20.5,40
"379",437,0,47,27,42
"380",416,0.0125469469689353,50,29,12.0002091157828
"381",420,0,12.5,6.5,28
"382",456,0.0423404785856577,32,18,10.0007056746431
"383",458,0.0303947594799686,12.5,7.5,20.0005065793247
"384",460,0,22,12,16
"385",390,0.147464589385736,19.5,11.5,38.0024577431564
"386",467,0.220862817157829,44,25,44.0036810469526
"387",392,0.0758434521234156,53,31,22.0012640575354
"388",396,0,27,16,48
"389",381,0.0540187764905697,55,31,28.0009003129415
"390",409,0.0182565249533547,33.5,19.5,30.0003042754159
"391",407,0.0071400248987249,37.5,22.5,48.000119000415
"392",500,0.226635012605751,56,32,26.0037772502101
"393",408,0.230359174787227,28,15,18.0038393195798
"394",435,0.00787787011254406,22.5,13.5,50.0001312978352
"395",434,0,59.5,34.5,18
"396",424,0.00491263987168735,19.5,10.5,24.0000818773312
"397",419,0.00233127417001947,26,14,30.0000388545695
"398",418,0,33.5,18.5,34
"399",417,0,39,22,42
"400",398,0.00507347548076303,48,27,28.0000845579247
"401",404,0,32,18,34
"402",403,0,42.5,25.5,28
"403",402,0,31.5,17.5,14
"404",401,0,14,7,36
"405",400,0,43.5,25.5,12
"406",399,0,14.5,8.5,44
"407",469,0.0641937198243766,51.5,29.5,52.0010698953304
"408",476,0.026759416508754,61.5,35.5,16.0004459902751
"409",498,0.086987107856313,18,10,0.00144978513093855
"410",462,0.13181600026572,0,0,34.0021969333378
"411",432,0.050728184446594,41.5,24.5,38.0008454697408
"412",454,0.0185521006821341,45,26,36.000309201678
"413",383,0.0322187300848086,42,24,46.0005369788347
"414",388,0.00458851971336628,53,30,10.0000764753286
"415",387,0,11,6,32
"416",386,0,38,22,46
"417",384,0.00458851971336628,53,30,34.0000764753286
"418",282,0.241772174212176,42,25,40.0040295362369
"419",281,0,45,25,34
"420",143,0.258302107839253,41.5,24.5,34.0043050351307
"421",279,0.269996809232712,41,24,26.0044999468205
"422",341,0.16597679349958,29,16,36.0027662798917
"423",339,0.0193327766689921,43,25,32.0003222129445
"424",335,0.273578811073603,36,20,10.0045596468512
"425",337,0,12,7,12
"426",332,0.0708857720339793,13,7,42.0011814295339
"427",327,0.222908810896397,49,28,46.0037151468483
"428",326,0.0701482934286887,55.5,32.5,40.0011691382238
"429",331,0.0170158458944416,45,25,4.00028359743157
"430",338,0.0708857720339793,5,3,46.0011814295339
"431",350,0.0188423413628395,55.5,32.5,50.0003140390227
"432",346,0.00197072999746814,58,33,44.0000328455
"433",343,0.00295743579111591,54,32,10.0000492905965
"434",347,0.0116013653090903,10.5,5.5,46.0001933560885
"435",349,0,53,30,50
"436",354,0.00139046590546978,59.5,34.5,26.0000231744318
"437",356,0,32,19,8
"438",358,0,9,5,0
"439",353,0.00568925180464102,0,0,50.0000948208634
"440",352,0,58.5,33.5,20
"441",359,0.00568925180464102,22,12,24.0000948208634
"442",361,0,27,15,24
"443",342,0.0279795277040164,25.5,13.5,12.0004663254617
"444",344,0.00890238346232784,13.5,7.5,6.00014837305771
"445",351,0.00197072999746814,6,3,44.0000328455
"446",362,0.0527423886484544,52,30,40.0008790398108
"447",364,0,46,26,8
"448",366,0,9,5,46
"449",368,0,55,32,26
"450",370,0,29.5,16.5,26
"451",369,0.0146033395513911,27.5,14.5,40.0002433889925
"452",363,0.0138008979806848,47.5,27.5,40.0002300149663
"453",355,0.00666745187144687,48.5,28.5,28.0001111241979
"454",348,0.00512712479400555,33,19,40.0000854520799
"455",357,0.017232740694247,49,29,30.0002872123449
"456",371,0.0324999713538966,33.5,18.5,22.0005416661892
"457",373,0.0013343391193521,24,13,2.00002223898532
"458",372,0.00133559184898957,2.5,1.5,20.0000222598641
"459",374,5.78333857186044e-05,21,11,28.0000009638898
"460",367,0.0520047803901952,34.5,20.5,24.0008667463398
"461",365,0.0116222324502573,30,18,36.0001937038742
"462",345,0.0330509589795086,42,24,28.0005508493163
"463",360,0.00891214927241107,32.5,18.5,6.00014853582121
"464",375,0.0993090245160752,7,4,36.0016551504086
"465",377,0,40,22,22
"466",379,0,26.5,15.5,20
"467",378,0.00106180486230108,21.5,11.5,8.0000176967477
"468",380,0.00106180486230108,8.5,4.5,24.0000176967477
"469",376,0.00347824351694001,28.5,16.5,34.0000579707253
"470",397,0.05594220852241,42.5,25.5,32.000932370142
"471",395,0.00386401755856872,37.5,21.5,32.0000644002926
"472",394,0,37,21,20
"473",393,0,20,10,36
"474",450,0.0159756898171004,45,27,24.000266261497
"475",452,0.00855681479595941,29.5,17.5,42.0001426135799
"476",448,0.0223479381454019,48.5,27.5,20.0003724656358
"477",382,0.0374724894761921,22.5,12.5,52.0006245414913
"478",482,0.110945382868729,62,36,50.0018490897145
"479",495,0,58,33,30
"480",494,0,34.5,19.5,40
"481",493,0,47,27,52
"482",492,0,60,34,28
"483",491,0,33.5,19.5,38
"484",490,0,44,25,22
"485",489,0,24.5,13.5,18
"486",488,0,20.5,11.5,40
"487",487,0,47.5,27.5,20
"488",486,0,23,13,28
"489",485,0,35,21,38
"490",484,0,47.5,28.5,28
"491",483,0,32.5,18.5,46
"492",481,0.0577386262012841,55,32,50.0009623104367
"493",421,0.1313339739258,60,35,10.0021888995654
"494",499,0.19508255695761,10.5,5.5,26.0032513759493
"495",501,0.0106736142019481,29,16,34.00017789357
"496",503,0,39.5,22.5,38
"497",505,0,43,24,14
"498",391,0.290009333908622,14,7,2.00483348889848
"499",504,0.311692580528063,2,1,8.00519487634213
"500",508,0.249788735287184,10,6,26.0041631455881
"501",511,0.0533477483103909,32,19,32.0008891291385
"502",509,0.0379107164407221,35.5,19.5,48.000631845274
"503",497,0.251830601798219,57,33,28.0041971766966
"504",502,0.0787817171010612,31.5,17.5,18.0013130286184
"505",477,0.161396779134304,21.5,12.5,40.0026899463189
"506",459,0.0610488471516215,48.5,28.5,34.0010174807859
"507",285,0.240145760016109,37.5,20.5,44.0040024293336
"508",114,0.420302334159646,51.5,29.5,30.0070050389027
"509",109,0.0509859599728679,32.5,17.5,42.0008497659995
"510",106,0.0410366895224342,48,27,52.0006839448254
"511",108,0.0506130813016846,60,34,50.000843551355
"512",286,0.454676037670136,60,35,40.0075779339612
"513",290,0.0019102090404806,49,29,44.0000318368173
"514",289,0.00162269033594646,51,29,24.0000270448389
"515",291,0.00162269033594646,25,13,28.0000270448389
"516",295,0.00127497535098392,34,20,22.0000212495892
"517",299,0.000579534515051467,27,16,30.0000096589086
"518",308,0.00195538973060877,37,22,38.0000325898288
"519",298,0.00270066139392424,43.5,24.5,36.0000450110232
"520",296,0.000579534515051467,40,22,38.0000096589086
"521",306,0.00197041419826182,45.5,26.5,14.0000328402366
"522",300,0.00195538973060877,17,10,38.0000325898288
"523",303,0,44,25,24
"524",305,0,29,17,30
"525",297,0.00197041419826182,36,21,32.0000328402366
"526",307,0.00240798816119113,40,24,24.000040133136
"527",309,0.00282518063078431,26.5,14.5,18.0000470863438
"528",311,0,20.5,11.5,28
"529",314,0.00120399301685965,35,21,18.0000200665503
"530",313,0.00185052665547038,19.5,10.5,20.0000308421109
"531",312,0.00120399301685965,22,12,24.0000200665503
"532",315,0.00185052665547038,27,15,42.0000308421109
"533",321,0.00601877135166078,50.5,29.5,44.0001003128559
"534",319,0.00301492784611236,54,32,28.0000502487974
"535",316,0.00601877135166078,33,19,26.0001003128559
"536",310,0.00405671470939242,32,19,32.0000676119118
"537",317,0.00405671470939242,38,22,8.00006761191182
"538",324,0.00506273379095152,9,5,34.0000843788965
"539",320,0.0182326757255379,41.5,24.5,12.0003038779288
"540",323,0.00992627058808195,13.5,7.5,38.0001654378431
"541",318,0.00506273379095152,44.5,25.5,30.0000843788965
"542",322,0.00301492784611236,35.5,20.5,32.0000502487974
"543",304,0.0135032739392253,36.5,20.5,24.0002250545657
"544",293,0.00437758769846259,25,13,40.000072959795
"545",292,0.00626562998447011,47.5,27.5,40.0001044271664
"546",294,0.000889559411015206,49.5,29.5,44.0000148259902
"547",288,0.0157905729222711,54,32,20.0002631762154
"548",287,0.0019102090404806,21.5,11.5,18.0000318368173
"549",325,0.0245793183557039,21,12,36.0004096553059
"550",302,0.0640936384084866,41.5,23.5,50.0010682273068
"551",301,0,60,35,30
"552",270,0.0904967990164589,32.5,17.5,46.0015082799836
"553",252,0.0681277839138454,52.5,29.5,20.0011354630652
"554",257,0.00447145561344913,21,11,40.0000745242602
"555",261,0.00184787396377197,46,26,24.0000307978994
"556",253,0.00641224198439163,25.5,13.5,16.0001068706997
"557",255,0,18.5,10.5,46
"558",260,0.00564952191476797,55,32,44.0000941586986
"559",258,0.00184787396377197,50,28,26.0000307978994
"560",254,0.0217747248528336,31.5,18.5,4.00036291208088
"561",259,0.0217747248528336,4.5,2.5,4.00036291208088
"562",256,0.00564952191476797,5,3,38.0000941586986
"563",262,0.00197563900323189,43.5,24.5,52.0000329273167
"564",266,0.000884734546142519,60,34,18.0000147455758
"565",277,0.0188115879953882,18.5,9.5,30.0003135264666
"566",267,0.0213868393471998,33.5,18.5,22.0003564473225
"567",269,0.00151923535935068,25.5,14.5,28.0000253205893
"568",236,0.149635971050856,30.5,16.5,42.0024939328508
"569",231,0.0215299000557883,51,30,44.0003588316676
"570",230,0,52.5,30.5,48
"571",229,0,57.5,33.5,54
"572",228,0,63.5,36.5,42
"573",227,0,51.5,30.5,40
"574",222,0.0114196152502358,45.5,25.5,32.0001903269208
"575",221,0,39,23,16
"576",220,0,19,11,44
"577",219,0,50.5,28.5,32
"578",218,0,39.5,23.5,32
"579",225,0.00501567525260188,38,22,14.0000835945875
"580",224,0,17.5,10.5,50
"581",207,0.0121185232756158,59.5,34.5,22.0002019753879
"582",194,0.0138219816716107,26,15,8.00023036636119
"583",240,0.184533705127802,9,5,46.0030755617521
"584",336,0.287525378981064,55,32,46.0047920896497
"585",507,0.421513050519468,55.5,32.5,32.0070252175087
"586",506,0.678219182276939,39,23,16.0113036530379
"587",525,0.316142027108515,19.5,11.5,26.0052690337851
"588",284,0.716121862349096,30.5,17.5,26.0119353643725
"589",328,0.307039507891834,29.5,16.5,28.0051173251315
"590",330,0,31.5,17.5,54
"591",329,0,64,37,36
"592",334,0.0165390695453105,42.5,24.5,32.0002756511591
"593",265,0.220001933364659,37,21,44.0036666988894
"594",263,0.000884734546142519,50.5,28.5,52.0000147455758
"595",340,0.466582952080301,62,36,56.0077763825347
"596",144,0.398203095592141,66,38,28.0066367182599
"597",152,0.125871946844952,33.5,19.5,18.0020978657807
"598",147,0.0334288866767536,19.5,10.5,28.0005571481113
"599",150,0.0042018199016923,34,20,46.0000700303317
"600",148,0.0042018199016923,52.5,29.5,12.0000700303317
"601",216,0.34945722558247,13.5,7.5,12.005824287093
"602",233,0.034465295949932,12,6,22.0005744215992
"603",211,0.0132741402111076,24,13,48.0002212356702
"604",209,0.00623661780820911,55,31,24.0001039436301
"605",162,0.088191184853031,29.5,17.5,28.0014698530809
"606",173,0.0132781518220472,30,16,28.0002213025304
"607",175,0.000889559411015206,35,21,52.0000148259902
"608",182,0.00127371784994821,60.5,34.5,30.0000212286308
"609",186,0.00448532015446886,34.5,19.5,16.0000747553359
"610",184,0.00300875269983896,20,12,30.0000501458783
"611",177,0.00218806430927581,33,18,4.00003646773849
"612",185,0.00218806430927581,4.5,2.5,38.0000364677385
"613",169,0.00254743861603782,47.5,28.5,32.0000424573103
"614",187,0.00578901081059733,39,23,32.0000964835135
"615",161,0.0261914673690107,37,21,54.0004365244561
"616",146,0.0541584992890273,63.5,36.5,36.0009026416548
"617",145,0.154687323775006,42.5,24.5,26.0025781220629
"618",116,1.32544198709584,32.5,19.5,38.0220906997849
"619",531,1.49154391890446,44,25,8.02485906531507
"620",539,0.199345834712582,9.5,5.5,26.0033224305785
"621",541,0,32,19,6
"622",681,0.234396374584662,7,4,2.00390660624308
"623",535,0.755449581268274,2,1,8.01259082635447
"624",537,0.00113578446279221,8,4,34.000018929741
"625",536,0.162686820565255,37.5,20.5,10.0027114470094
"626",538,0.161558466653568,10.5,5.5,36.0026926411109
"627",540,0.0040126569063991,41,23,18.0000668776151
"628",549,0.128750518080775,22.5,13.5,28.002145841968
"629",547,0.013488130876643,35,21,46.0002248021813
"630",557,0.0250151807540354,52.5,29.5,6.00041691967923
"631",609,0.0160536701287906,7.5,4.5,20.0002675611688
"632",670,1.48227605649032,24,14,24.0247046009415
"633",517,1.66025238623897,27,15,22.027670873104
"634",699,2.105343254267,25.5,14.5,12.0350890542378
"635",709,0,14,8,40
"636",694,0.669943586500469,45.5,25.5,32.0111657264417
"637",686,0.720734324502236,36,20,16.0120122387417
"638",688,0.0251612429781093,17,9,28.0004193540496
"639",687,0.0336941264988313,30.5,16.5,34.000561568775
"640",689,0.00861364949284448,42,25,52.0001435608249
"641",691,0.36402565578055,62,36,38.006067094263
"642",693,0,46.5,27.5,48
"643",710,0.669943586500469,58,34,52.0111657264417
"644",712,0.0437828056273113,60.5,34.5,38.0007297134271
"645",711,0.0483231765797605,44,25,24.0008053862763
"646",713,0.0071453669494503,27,15,42.0001190894492
"647",715,0,50,29,16
"648",720,0.0034910701627855,20,12,20.0000581845027
"649",717,0.0047510124250851,23,13,18.0000791835404
"650",719,0.000706684393173411,21.5,12.5,38.0000117780732
"651",716,0.0034910701627855,43,24,24.0000581845027
"652",718,0.000667169559676051,25.5,13.5,50.0000111194927
"653",714,0.0025258650746086,60,35,26.0000420977512
"654",721,0.0070714886710859,31,18,36.0001178581445
"655",723,0.3055436235192,45,27,50.0050923937253
"656",722,0.305789253623723,59,34,48.0050964875604
"657",724,0.000366245317649983,57.5,33.5,36.0000061040886
"658",732,0.00513035058905258,41.5,23.5,28.0000855058432
"659",734,0.00264861072184151,32.5,18.5,32.000044143512
"660",736,0.00386265155758033,35.5,19.5,22.000064377526
"661",739,0.000764392053256595,26,15,36.0000127398676
"662",741,0,43.5,25.5,26
"663",744,0.00319075448312808,29,16,22.0000531792414
"664",746,0,26.5,15.5,28
"665",748,0,32.5,18.5,48
"666",752,0.030332917633502,56.5,32.5,22.0005055486272
"667",754,0,22.5,11.5,22
"668",759,0.0043231776417613,24,13,24.0000720529607
"669",762,0,26,14,44
"670",756,0.0149265427142495,50,28,28.0002487757119
"671",751,0.00532165070180933,30.5,16.5,28.0000886941784
"672",763,0.0160853488712113,34.5,20.5,46.0002680891479
"673",765,0.0476191033661229,53.5,30.5,20.0007936517228
"674",767,0.00849561593908286,25,15,16.000141593599
"675",769,0,18.5,10.5,28
"676",771,0,30,16,20
"677",776,0.00784824589124819,20.5,10.5,44.0001308040982
"678",778,0,54,32,30
"679",781,0,34,19,38
"680",786,0.383079659564388,47.5,28.5,34.0063846609927
"681",788,0.000602150986421744,40,23,20.0000100358498
"682",790,0.00397102091482759,24,14,54.0000661836819
"683",789,0.00544326496625476,62.5,35.5,12.0000907210828
"684",791,0.00251561167434187,14,8,14.0000419268612
"685",793,0.0242443992001168,17,10,20.00040407332
"686",798,0.000620203660474116,21.5,11.5,20.0000103367277
"687",800,0.00206089766236034,22.5,12.5,34.0000343482944
"688",805,0,39,22,50
"689",831,0.133881995101829,60,35,22.002231366585
"690",834,0,26.5,15.5,18
"691",833,0.000731699361801613,22,13,40.0000121949894
"692",832,0,46.5,26.5,36
"693",835,0.000731699361801613,41.5,23.5,22.0000121949894
"694",837,0,23.5,12.5,20
"695",839,0.00478279358025584,23.5,13.5,38.0000797132263
"696",841,0.00400343896050899,46.5,27.5,16.0000667239827
"697",838,0.0114717592575287,17,9,18.0001911959876
"698",840,0.0152407939587129,18,9,40.0002540132326
"699",836,0.00827444672690146,47,27,38.0001379074454
"700",842,0.0351207354109654,44,25,24.0005853455902
"701",845,0.00732195405379002,29.5,17.5,26.0001220325676
"702",844,0.0199878598430462,32.5,19.5,26.0003331309974
"703",843,0.00732195405379002,29,16,28.0001220325676
"704",846,0.0199878598430462,34,20,20.0003331309974
"705",764,0.542886154499562,24,14,32.009048102575
"706",749,0.244923550607963,35.5,19.5,28.0040820591768
"707",757,0.00532165070180933,35,21,44.0000886941784
"708",753,0.00430569559530853,50.5,28.5,42.0000717615933
"709",758,0.00430569559530853,50,29,16.0000717615933
"710",755,0.0043231776417613,16,8,44.0000720529607
"711",747,0.10791915182523,50,28,42.0017986525304
"712",745,0.00108435684614693,48.5,27.5,16.0000180726141
"713",743,0.0566670544709281,16.5,8.5,36.0009444509079
"714",742,0.00319075448312808,43.5,25.5,38.0000531792414
"715",738,0.138299899889925,42.5,23.5,30.0023049983315
"716",737,0.000764392053256595,37,22,24.0000127398676
"717",740,0.00201085534850001,25,13,24.0000335142558
"718",847,0.77549249299657,28.5,16.5,34.0129248748833
"719",849,0,38,21,0
"720",848,0.00189120606589753,0,0,20.0000315201011
"721",850,0.00189120606589753,25,15,32.0000315201011
"722",809,0.109053831726655,35.5,19.5,12.0018175638621
"723",811,0,13,7,58
"724",810,0.0177912831008086,68,39,18.000296521385
"725",814,0.00687898891062937,22.5,13.5,36.0001146498152
"726",812,0.0239067396274387,43,25,4.00039844566046
"727",808,0.0312192322757333,4.5,2.5,30.0005203205379
"728",815,0.0959233955390792,37.5,22.5,10.001598723259
"729",822,0.0015429663988062,12.5,7.5,32.0000257161066
"730",827,0.00110701911965856,37.5,21.5,30.0000184503187
"731",826,0.000727411081497901,37.5,22.5,24.000012123518
"732",823,0.00110701911965856,27,15,14.0000184503187
"733",820,0.00153244200776216,15,8,2.55407001293693e-05
"734",825,0.00104391491239432,0,0,32.0000173985819
"735",828,0.000727411081497901,36.5,20.5,16.000012123518
"736",821,0.0030896931857154,17,9,44.0000514948864
"737",816,0.0015429663988062,54,32,52.0000257161066
"738",818,0.000376195266566089,61,35,8.00000626992111
"739",817,0.00112546668545008,9.5,5.5,26.0000187577781
"740",819,0.00144553404643633,29.5,16.5,20.0000240922341
"741",824,0.00153244200776216,20.5,10.5,26.0000255407001
"742",829,0.00204691498440558,29.5,16.5,44.0000341152497
"743",813,0.120096037926731,53.5,31.5,46.0020016006321
"744",851,0.138897670145507,54.5,31.5,12.0023149611691
"745",860,0.110940377623068,14.5,8.5,10.0018490062937
"746",863,0,10.5,5.5,46
"747",865,0.0133560413711382,52.5,29.5,22.0002226006895
"748",867,0.0199261450835296,22.5,11.5,34.0003321024181
"749",866,0.0776863520098038,38.5,21.5,30.0012947725335
"750",868,0.0579031976876529,36.5,21.5,32.0009650532948
"751",870,0,36,20,18
"752",881,0.126515905230925,22.5,13.5,48.0021085984205
"753",830,0.319655519879941,56,32,52.005327591998
"754",806,0.133881995101829,62,36,26.002231366585
"755",761,0.515298836749057,28.5,15.5,26.0085883139458
"756",760,0,27.5,14.5,20
"757",750,0.0164682191888525,24.5,14.5,20.0002744703198
"758",774,0.0759328375137066,24,14,44.0012655472919
"759",772,0.00784824589124819,53.5,31.5,38.0001308040982
"760",768,0.00739211479157158,45.5,26.5,48.0001232019132
"761",773,0.00739211479157158,55,31,4.00012320191319
"762",780,0.0100534407128644,4.5,2.5,26.0001675573452
"763",779,0,31,18,4
"764",785,0.022199476059461,5,3,58.0003699912677
"765",787,0.0115235640566566,67.5,38.5,4.00019205940094
"766",782,0.389766504105171,4,2,6.00649610840175
"767",784,0,7.5,4.5,14
"768",783,0.0150813936195201,15.5,8.5,30.0002513565603
"769",770,0.0225766482739743,35.5,20.5,40.0003762774712
"770",766,0.104109829319255,45.5,25.5,46.001735163822
"771",775,0.0154976418583063,55.5,32.5,14.000258294031
"772",777,0.00956150648265314,15.5,8.5,12.0001593584414
"773",792,0.332830158742443,13.5,7.5,38.0055471693124
"774",794,0.000222389851339155,44,25,50.0000037064975
"775",797,0.000406544690806908,59.5,34.5,52.0000067757448
"776",795,0.0006864421425885,62,36,40.0000114407024
"777",799,0.0038701658304882,45,25,10.0000645027638
"778",796,0.00504731362742823,12.5,7.5,48.0000841218938
"779",882,0.539248367637506,56,32,40.008987472794
"780",884,0.331007744607552,47.5,27.5,12.0055167957435
"781",887,0.0524386577127642,12.5,6.5,28.0008739776285
"782",886,0.324197570233002,32,18,34.0054032928372
"783",885,0.0524386577127642,38.5,21.5,46.0008739776285
"784",888,0.324197570233002,55,32,42.0054032928372
"785",890,0,48.5,27.5,28
"786",892,0,34,20,28
"787",894,0,33,19,24
"788",896,0,27.5,15.5,32
"789",899,0.0232927049012372,37.5,21.5,22.0003882117484
"790",901,0.000448558579816028,26.5,15.5,34.0000074759763
"791",900,0.0016616215152607,38,21,38.0000276936919
"792",902,0.00122876837415421,43.5,24.5,14.0000204794729
"793",908,0.0355171835733003,15,8,34.0005919530596
"794",910,0,37.5,20.5,38
"795",919,0.00162339381614783,47.5,28.5,30.0000270565636
"796",914,0.00113648165850812,36.5,21.5,20.000018941361
"797",918,0.000752758122065195,23,13,34.0000125459687
"798",915,0.000752758122065195,42,25,56.0000125459687
"799",917,0,65.5,37.5,42
"800",911,0.00162339381614783,51,30,24.0000270565636
"801",913,0,30,18,40
"802",912,0,48,28,4
"803",916,0.00113597715954245,5,3,16.0000189329527
"804",921,0.00150187853291088,17,9,36.0000250313089
"805",938,0.146085444000279,40,22,44.0024347574
"806",922,0.300912810176812,54,32,34.0050152135029
"807",929,0.00101315204920797,41,24,32.0000168858675
"808",931,0.00192196617244383,36.5,20.5,36.0000320327695
"809",934,0.00255890614374042,43.5,25.5,22.0000426484357
"810",933,0.000821570382485296,27.5,16.5,42.0000136928397
"811",935,0.00170401720012062,50.5,29.5,42.0000284002867
"812",905,0.110180555010571,50.5,29.5,20.0018363425835
"813",907,0,24.5,14.5,8
"814",906,0,9,5,20
"815",909,0.003346240805785,21,11,20.0000557706801
"816",920,0.00292731564954173,20.5,10.5,26.0000487885942
"817",903,0.039284158397535,28,15,28.0006547359733
"818",939,0.420525571819482,30.5,16.5,34.0070087595303
"819",941,0,40,23,40
"820",940,0.0405922364406005,50,30,54.000676537274
"821",942,0.0405922364406005,63.5,36.5,26.000676537274
"822",953,0.295961664560096,29.5,16.5,10.0049326944093
"823",955,0.0067907879615353,12.5,7.5,2.00011317979936
"824",958,0,2.5,1.5,42
"825",957,0.00605585745389396,48.5,27.5,38.0001009309576
"826",956,0,46.5,27.5,44
"827",959,0.00605585745389396,52,30,50.0001009309576
"828",961,0.011759355079644,60,35,38.0001959892513
"829",960,0.204931632430151,44,25,44.0034155272072
"830",954,0.0587500540339364,53,31,42.0009791675672
"831",952,0.0631449026801309,52,31,24.0010524150447
"832",962,0.131719478634087,29.5,17.5,26.0021953246439
"833",966,0.205598726819293,27.5,14.5,26.003426645447
"834",963,0.375059552300447,28,15,32.0062509925383
"835",965,0,38,22,22
"836",964,0,24.5,13.5,18
"837",967,0.430563179225402,20,11,36.0071760529871
"838",969,0.0155598563450379,41,23,32.0002593309391
"839",968,0.0225411262651852,38.5,22.5,28.0003756854378
"840",970,0.00811915321490434,32,18,32.0001353192202
"841",973,0.476399515705886,37,21,28.0079399919284
"842",972,0.0327144489412705,33,19,36.0005452408157
"843",971,0.476399515705886,43.5,25.5,12.0079399919284
"844",974,0.0327144489412705,14.5,8.5,50.0005452408157
"845",979,0.677111051009248,58,33,36.0112851841835
"846",1002,0.695665441321398,43.5,25.5,2.01159442402202
"847",1004,0,2,1,30
"848",1003,0.00821767800818011,37,22,14.0001369613001
"849",1005,0.00821767800818011,17,10,18.0001369613001
"850",1008,0.285739236355917,20.5,11.5,12.0047623206059
"851",1020,1.09084115264139,15,9,36.0181806858774
"852",1007,2.12184058072856,43.5,25.5,28.0353640096788
"853",1010,0.139737595376706,32,18,8.00232895992295
"854",1056,0.384664285406171,9,5,22.0064110714234
"855",1055,0.0019150240987264,25.5,14.5,26.0000319170683
"856",1058,0.111901612508188,28.5,15.5,34.0018650268751
"857",1061,0.00153205041349585,38.5,21.5,48.0000255341736
"858",1063,0.00200903389406217,56.5,32.5,8.00003348389823
"859",1059,0.00200487709005847,10,6,14.0000334146182
"860",1064,0.00337287697629653,14,7,44.0000562146163
"861",1057,0.0545870140574859,50.5,28.5,36.0009097835676
"862",1065,0.0752388481284887,44.5,26.5,24.0012539808021
"863",1068,0,26.5,14.5,40
"864",1073,0,49.5,29.5,8
"865",1075,0.0044659722067418,8.5,4.5,22.0000744328701
"866",1077,0,26,15,16
"867",1079,0.000462363780755061,17,9,16.000007706063
"868",1082,0.00272015137183797,18.5,10.5,26.0000453358562
"869",1076,0.00979003267836317,31,18,8.00016316721131
"870",1083,0.00979003267836317,8,4,16.0001631672113
"871",1072,0.0522686477086835,18,10,34.0008711441285
"872",1071,0,42.5,25.5,26
"873",1070,0,30,17,56
"874",1069,0,65.5,37.5,20
"875",1067,0.0448632167315934,25,15,48.0007477202789
"876",1066,0,56,32,22
"877",1084,0.0638741903337551,23,12,32.0010645698389
"878",1086,0.000762020285480858,35.5,19.5,28.0000127003381
"879",1090,0.0409345750218181,33,19,30.000682242917
"880",1096,0.0298203399137319,36,21,32.0004970056652
"881",1095,0.000481660856066564,39.5,23.5,44.0000080276809
"882",1098,0.000760914934576592,50,28,34.0000126819156
"883",1103,0.0211303915317365,42.5,25.5,32.0003521731922
"884",1101,0.0217460666498408,37,21,34.0003624344442
"885",1100,0.000770555870186633,40,23,44.0000128425978
"886",1102,0.000770555870186633,53.5,31.5,18.0000128425978
"887",1099,0.0211303915317365,20,11,36.0003521731922
"888",1107,0.0190090998005828,41.5,23.5,42.00031681833
"889",1109,0,52,31,26
"890",1111,0.000310154540943788,29,16,16.0000051692423
"891",1114,0.00282835392804215,17.5,9.5,22.0000471392321
"892",1112,0.00608414481048744,25,14,36.0001014024135
"893",1115,0.01542646395464,41.5,23.5,38.0002571077326
"894",1097,0.117778623223313,45.5,26.5,14.0019629770537
"895",1091,0.030573289003998,15.5,8.5,40.0005095548167
"896",1093,0.000160545946783552,47.5,27.5,56.0000026757658
"897",1092,0.0113687706207568,66,38,52.0001894795103
"898",1094,0.0112106755145457,61.5,35.5,12.0001868445919
"899",1110,0.0367037322278343,12.5,6.5,8.00061172887046
"900",1116,0.121365955359945,9,5,34.0020227659227
"901",1118,0.000729969671018832,39.5,22.5,54.0000121661612
"902",1124,0,64,37,28
"903",1123,0.0038016113503363,34.5,20.5,10.0000633601892
"904",1122,0,12,7,20
"905",1121,0,24.5,14.5,16
"906",1120,0,16.5,8.5,26
"907",1119,0,32.5,19.5,10
"908",1125,0.0038016113503363,12.5,7.5,40.0000633601892
"909",1089,0.138838193015525,47.5,27.5,32.0023139698836
"910",1087,0.0409345750218181,35.5,19.5,16.000682242917
"911",1085,0.135280326573762,18.5,10.5,36.0022546721096
"912",1088,0.135747309694303,45,27,14.0022624551616
"913",1126,0.138838193015525,16.5,9.5,44.0023139698836
"914",1131,0,52.5,30.5,14
"915",1137,0.0842172767047272,14,7,54.0014036212784
"916",1143,0,63.5,36.5,22
"917",1145,0,27,16,28
"918",1147,0.00266599722546433,31,17,38.0000444332871
"919",1175,1.3611294218758,42.5,23.5,26.0226854903646
"920",1173,0.0106520486373032,32.5,19.5,6.00017753414395
"921",1148,1.3611294218758,7.5,4.5,56.0226854903646
"922",1153,0.00297235692465443,65,37,52.0000495392821
"923",1155,0.0685162839880432,61,35,48.0011419380665
"924",1158,0.0409758507862866,56,32,52.0006829308464
"925",1154,0.155366486179589,62,36,44.0025894414363
"926",1144,0.0661723867460131,52.5,30.5,46.0011028731124
"927",1142,0.194485309810842,53,30,34.0032414218302
"928",1141,0,39.5,22.5,42
"929",1140,0,50.5,29.5,20
"930",1139,0,23.5,13.5,38
"931",1138,0,46,27,6
"932",1156,0.0898154750723911,6.5,3.5,14.0014969245845
"933",1166,0.218745343350823,17.5,10.5,42.0036457557225
"934",1171,0.165550659487878,48,27,32.0027591776581
"935",1176,0.0106520486373032,38.5,22.5,54.000177534144
"936",1172,0.0122074992983963,62.5,35.5,34.0002034583216
"937",1177,0.0122074992983963,39.5,22.5,28.0002034583216
"938",1201,0.151144354315573,30,16,20.0025190725719
"939",1204,0,24,14,34
"940",1206,0.00376160958758666,39,22,44.0000626934931
"941",1205,0.00444064862299368,50,28,44.0000740108104
"942",1207,0.000685160401342017,52.5,30.5,18.00001141934
"943",1210,0.0202524769996477,18,9,32.0003375412833
"944",1213,0.000723686475605947,35.5,19.5,24.0000120614413
"945",1216,0,25,13,16
"946",1220,0,16,8,32
"947",1219,0.000797515784925505,40,24,16.0000132919297
"948",1218,0,16.5,8.5,44
"949",1217,0,51,29,4
"950",1221,0.000797515784925505,5,3,22.0000132919297
"951",1185,0.465178456256754,22.5,11.5,18.0077529742709
"952",1187,0.00448530461763184,20,11,40.000074755077
"953",1189,0.0113535428063775,46,26,16.0001892257134
"954",1191,0,19,11,18
"955",1194,0.00111795953616989,22.5,13.5,20.0000186326589
"956",1198,0,22.5,12.5,22
"957",1200,0,27,16,46
"958",1203,0.00857912103271795,53,30,12.0001429853505
"959",1202,0,14.5,8.5,6
"960",1178,0.159547287885002,6,3,36.0026591214647
"961",1180,0.00693719970588445,43,25,26.0001156199951
"962",1182,0.0257382383217988,31,18,38.0004289706387
"963",1184,0.00561486790090915,46,27,40.0000935811317
"964",1183,0.00822261208234443,48,28,12.0001370435347
"965",1181,0.0331316832600445,14,8,60.000552194721
"966",1167,0.183430082641199,70,40,18.003057168044
"967",1169,0.00308153963854661,18.5,9.5,8.00005135899398
"968",1208,0.278051209548121,9,5,44.0046341868258
"969",1222,0.607774618275669,53,31,50.0101295769713
"970",951,28.7631080078484,59.5,34.5,32.4793851334641
"971",949,0.199176312211165,39.5,23.5,44.0033196052035
"972",948,0.0848083798320377,54,32,44.0014134729972
"973",947,0.100473875060744,50.5,28.5,22.0016745645843
"974",950,0.0848083798320377,24,13,54.0014134729972
"975",944,0.225031825248987,62.5,35.5,28.0037505304208
"976",946,0,31.5,17.5,40
"977",945,0,50,30,34
"978",937,0.480264502688365,39.5,22.5,56.0080044083781
"979",904,0.272275799907036,65.5,37.5,32.0045379299984
"980",936,0.110180555010571,37,21,22.0018363425835
"981",880,0.63151702017312,27.5,16.5,20.0105252836696
"982",871,0.126515905230925,24.5,14.5,44.0021085984205
"983",876,0.0461836582107741,51,29,20.0007697276368
"984",873,0.00595026116077956,20.5,10.5,14.0000991710193
"985",875,0.000448560748403284,14,7,48.0000074760125
"986",878,0.00482898072030035,57,33,12.000080483012
"987",872,0.207416094896194,13.5,7.5,46.0034569349149
"988",874,0.00166893615468207,54.5,31.5,42.0000278156026
"989",877,0.00709712015671071,48.5,27.5,28.0001182853359
"990",879,0.250869116828314,34.5,20.5,10.0041811519471
"991",859,0.129294515381137,10.5,5.5,14.0021549085897
"992",858,0.0145169840872137,16.5,9.5,44.0002419497348
"993",857,0.0145169840872137,50.5,28.5,48.0002419497348
"994",855,0.00232682420960734,57.5,33.5,28.0000387804035
"995",854,0.00839252080397277,30.5,16.5,34.0001398753467
"996",862,0.00874186738937306,40.5,23.5,12.0001456977898
"997",861,0,12,6,24
"998",856,0.0104278788971383,30,18,54.0001737979816
"999",853,0.0249813710792028,64,37,26.0004163561847
"1000",864,0.020193051993157,32.5,19.5,12.0003365508666
"1001",852,0.150551886421753,13,7,38.002509198107
"1002",735,0.887544380266138,46,27,34.0147924063378
"1003",807,1.46761063633956,42,25,46.0244601772723
"1004",943,1.24982560505112,53.5,30.5,26.0208304267509
"1005",927,1.42606819006662,28.5,15.5,50.0237678031678
"1006",926,0.000906499955068489,58,33,12.0000151083326
"1007",924,0.00092760186937741,14,8,32.0000154600312
"1008",923,0.00193302880329494,40,24,54.0000322171467
"1009",928,0.00200766562098366,64,37,32.0000334610937
"1010",925,0.00201497593801537,36.5,20.5,12.0000335829323
"1011",930,0.00455870117767313,13.5,7.5,26.000075978353
"1012",932,0.0078151682986365,31,18,42.000130252805
"1013",898,0.170549984416222,51.5,30.5,58.0028424997403
"1014",895,0.00547010162112484,67.5,38.5,34.0000911683603
"1015",893,0.017469635703908,42.5,25.5,32.0002911605951
"1016",891,0.0187745817898085,36.5,20.5,30.0003129096965
"1017",889,0.0180842277185107,33.5,18.5,4.00030140379531
"1018",897,0.0743918447670742,4,2,42.0012398640795
"1019",883,0.622894246652297,50,29,50.0103815707775
"1020",869,0.336664306476664,57.5,32.5,44.0056110717746
"1021",675,3.22893586678795,52,30,24.0538155977798
"1022",677,0.00210682123135545,29,17,28.0000351136872
"1023",676,0.00905839701154688,33,19,28.0001509732835
"1024",680,0.0190607127965977,30,16,16.0003176785466
"1025",682,0.0135450280323365,18.5,10.5,16.0002257504672
"1026",684,0.0248377197900132,18,10,18.0004139619965
"1027",534,0.518731605928654,22,13,60.0086455267655
"1028",513,1.00326061890685,70,40,30.0167210103151
"1029",264,1.47388940365841,34,19,22.0245648233943
"1030",159,0.758904036536155,24.5,13.5,46.0126484006089
"1031",158,0.0314993162445955,54,31,32.0005249886041
"1032",97,0.355993495329043,40,24,26.0059332249222
"1033",89,0.134133460549617,29.5,16.5,26.0022355576758
"1034",88,0,27.5,14.5,30
"1035",87,0,36.5,21.5,18
"1036",100,0.24016229292457,22.5,13.5,50.0040027048821
"1037",155,0.343657314025462,60,35,54.0057276219004
"1038",160,0.062807483038016,63,36,36.001046791384
"1039",243,0.111748523996682,44,26,40.0018624753999
"1040",242,0,49,29,56
"1041",333,0.352613595811387,66,38,30.0058768932635
"1042",19,0.923884485541821,33,18,20.015398074759
"1043",18,0,22,12,38
"1044",12,0.00184900834392707,45.5,26.5,32.0000308168057
"1045",17,0,37,21,26
"1046",16,0.00439189781078241,29.5,16.5,14.0000731982968
"1047",15,0,17.5,10.5,48
"1048",14,0,58,34,32
"1049",13,0,39.5,23.5,28
"1050",9,0.08904137343545,33.5,19.5,50.0014840228906
"1051",8,0,59,34,14
"1052",7,0,14,7,38
"1053",6,0,47,28,40
"1054",5,0,47.5,27.5,38
"1055",4,0,42.5,23.5,36
"1056",67,1.55043517398771,43.5,25.5,24.0258405862331
"1057",66,0,30,18,22
"1058",56,0.0181499619234228,22.5,11.5,40.0003024993654
"1059",63,0.00205580911553532,49.5,29.5,12.0000342634853
"1060",59,0.00456834398956613,15,9,20.0000761390665
"1061",58,0,23.5,13.5,28
"1062",61,0.0071924329742856,35,21,24.0001198738829
"1063",164,0.435035090254409,29.5,17.5,20.0072505848376
"1064",171,0.0215066631071777,24,14,42.0003584443851
"1065",180,0.0116774251309319,50,29,20.0001946237522
"1066",179,0,25,15,24
"1067",672,2.35440766461749,29,17,34.0392401277436
"1068",674,0.00723021839466825,40,23,42.0001205036399
"1069",673,0.00723021839466825,51,30,44.0001205036399
"1070",667,0.150083456362461,54,32,48.0025013909394
"1071",690,1.80045399436397,57.5,33.5,40.0300075665727
"1072",268,4.29954291300813,49,29,10.0716590485501
"1073",698,6.26320708752962,10,5,20.1043867847922
"1074",731,2.84774046456905,20.5,10.5,34.0474623410762
"1075",733,0.00359996411260482,38.5,21.5,12.0000599994019
"1076",725,0.00930969421648582,15,9,34.0001551615703
"1077",727,0.00411788703284978,40,23,40.0000686314505
"1078",730,0.00220969148501125,48,28,16.0000368281914
"1079",728,0.00381015826812488,18,10,22.0000635026378
"1080",726,0.00489393956903397,25,14,24.0000815656595
"1081",729,0.00109607862568555,25.5,13.5,38.0000182679771
"1082",695,3.49354218960978,47.5,28.5,20.0582257031602
"1083",697,0.00611154478380661,22,12,28.0001018590797
"1084",708,7.93456797919221,35,21,56.1322427996532
"1085",707,0,66,38,50
"1086",706,0,58.5,33.5,48
"1087",705,0,55,31,52
"1088",704,0,61,35,22
"1089",703,0,27.5,16.5,22
"1090",702,0,22.5,11.5,6
"1091",701,0,6.5,3.5,18
"1092",700,0,21,12,20
"1093",692,0.584889428893715,21.5,11.5,18.0097481571482
"1094",696,3.1506340039827,19.5,10.5,26.052510566733
"1095",112,3.2622093529587,28.5,15.5,32.0543701558826
"1096",804,7.17787034298921,38,22,52.1196311723832
"1097",803,0,61,35,32
"1098",802,0,38.5,22.5,46
"1099",801,0,54,31,44
"1100",1021,6.10377276504056,50.5,28.5,30.101729546084
"1101",1023,0.0440877913456465,36,21,32.0007347965224
"1102",1025,0.0186792717596035,37.5,21.5,46.000311321196
"1103",1029,0.000761804484254783,53,30,10.0000126967414
"1104",1033,0.000462103127566015,10.5,5.5,30.0000077017188
"1105",1037,0.00064617875295343,34.5,19.5,22.0000107696459
"1106",1035,0.000802477472056891,26,15,42.0000133746245
"1107",1030,0.00128757042328078,48.5,27.5,28.0000214595071
"1108",1044,0.00164278504785454,34.5,20.5,32.0000273797508
"1109",1038,0.000905628554814626,37,21,24.0000150938092
"1110",1040,0.000448528265710388,27,15,12.0000074754711
"1111",1047,0.00182464946724947,14,8,38.0000304108245
"1112",1039,0.00123695902379161,43.5,24.5,52.0000206159837
"1113",1048,0.00100856724770036,61,35,28.0000168094541
"1114",1045,0.00222389708786469,31,17,42.0000370649515
"1115",1043,0.000501404814424917,49.5,28.5,54.0000083567469
"1116",1049,0.000924207517093372,62.5,35.5,42.0000154034586
"1117",1031,0.00487230874111532,48,27,22.0000812051457
"1118",1026,0.0011785184161954,22.5,11.5,44.0000196419736
"1119",1032,0.00136336200761911,53,31,30.0000227227001
"1120",1036,0.000877458472560523,35,20,22.0000146243079
"1121",1034,0.00064617875295343,23,12,22.0000107696459
"1122",1027,0.00283151247378932,23.5,12.5,2.00004719187456
"1123",1041,0.00365243096831384,2.5,1.5,42.0000608738495
"1124",1028,0.00525204070243979,52,31,28.0000875340117
"1125",1046,0.00468573595750772,31.5,17.5,14.0000780955993
"1126",1051,0.00217119697216058,16.5,9.5,14.0000361866162
"1127",1053,0.00561479871350452,14.5,7.5,32.0000935799786
"1128",1130,0.639587510727232,35,19,44.0106597918455
"1129",1129,0,50,28,10
"1130",1128,0,11,6,52
"1131",1127,0,62,36,18
"1132",1133,0.266244323278575,20,11,36.004437405388
"1133",1135,0.00098486779313108,45,27,14.0000164144632
"1134",1152,0.26849046727019,17,10,14.0044748411212
"1135",1149,0.00297235692465443,15,8,32.0000495392821
"1136",1146,0.00488538775299758,38,22,48.0000814231292
"1137",1150,0.00320265815783424,56,32,18.000053377636
"1138",1159,0.236347672374231,18,9,32.0039391278729
"1139",1161,0.000282185567076296,37.5,21.5,60.0000047030928
"1140",1160,0.00139453494032867,70,40,36.000023242249
"1141",1162,0.00113581218294526,44.5,26.5,56.000018930203
"1142",1164,0.00236079389159032,65,37,40.0000393465649
"1143",1163,0.00684949234992176,48,28,28.0001141582058
"1144",1165,0.00452574310251472,32,18,20.0000754290517
"1145",1186,0.196588389314784,21.5,11.5,12.0032764731552
"1146",1190,0.0136972871728207,13.5,7.5,20.0002282881195
"1147",1192,0.00146395972233597,23.5,13.5,40.0000243993287
"1148",1197,0.000846470943346969,48,28,56.0000141078491
"1149",1196,0,65.5,37.5,42
"1150",1195,0,47.5,26.5,46
"1151",1199,0.000677139270727683,53,30,36.0000112856545
"1152",1193,0.00147847300339673,42,24,52.0000246412167
"1153",1188,0.134882871742191,60.5,34.5,42.0022480478624
"1154",1179,0.0351741126279418,50.5,29.5,4.00058623521047
"1155",1157,0.374642455310476,4,2,10.0062440409218
"1156",1113,0.275097594493034,11.5,6.5,20.0045849599082
"1157",1117,0.0505716398342511,22,12,24.0008428606639
"1158",1105,0.14154538524775,28.5,16.5,18.0023590897541
"1159",1108,0.0002297993788906,21,12,16.0000038299896
"1160",1106,0.0002297993788906,19,11,34.0000038299897
"1161",1104,0.0392560768819505,41.5,24.5,28.000654267948
"1162",1052,0.287185577981521,34,20,38.0047864262997
"1163",1024,0.0413963251209112,45,26,40.000689938752
"1164",1016,0.141952553554783,49.5,29.5,24.0023658758926
"1165",1018,0.000601692378308901,25,13,4.00001002820631
"1166",1013,0.0464766109230408,4,2,26.0007746101821
"1167",1015,0,30,17,10
"1168",1022,0.14230051974252,11.5,6.5,14.002371675329
"1169",1017,0.146738447849763,16,9,44.0024456407975
"1170",1012,0.547309153183049,53.5,31.5,30.0091218192197
"1171",1014,0.0038935455054886,36,21,48.0000648924251
"1172",1019,0.0479793213244596,58,34,22.0007996553554
"1173",1081,0.280499496866488,23,12,44.0046749916144
"1174",1080,0.00272015137183797,50.5,28.5,10.0000453358562
"1175",1078,0.00825861220843906,12.5,7.5,20.0001376435368
"1176",1074,0.0109268230880671,23.5,13.5,14.0001821137181
"1177",1060,0.106700559054924,14,7,46.0017783426509
"1178",1062,0.00236080119020432,56,33,10.0000393466865
"1179",1132,0.490288505322201,12.5,7.5,24.0081714750887
"1180",1136,0.140097640639543,26,14,32.0023349606773
"1181",1134,0.155517637429275,35,19,14.0025919606238
"1182",1170,0.614625394431427,15,8,16.0102437565739
"1183",1211,0.328094006433365,18.5,10.5,18.0054682334406
"1184",1215,0.000582484268106256,19,10,18.0000097080711
"1185",1214,0,21.5,12.5,32
"1186",1212,0.000582484268106256,37.5,21.5,16.0000097080711
"1187",1209,1.03841540101213,16,8,22.0173069233502
"1188",1011,1.45551432485831,22.5,11.5,18.024258572081
"1189",1151,0.904910184403909,18.5,9.5,16.0150818364067
"1190",1168,0.308971037680296,19.5,11.5,32.0051495172947
"1191",1050,0.864540186745636,39.5,23.5,34.0144090031124
"1192",1042,0.00883987473564262,38,21,14.0001473312456
"1193",1054,0.860560350127759,14,7,18.0143426725021
"1194",1006,0.902405147105117,19,10,26.0150400857851
"1195",995,0.494564700525831,31,18,40.0082427450088
"1196",997,0.00400969959352126,49,29,24.0000668283266
"1197",999,0,28,16,54
"1198",1001,0,62.5,35.5,18
"1199",1000,0.0260456033540914,21,12,40.0004340933892
"1200",980,0.718752880079921,48.5,28.5,24.011979214668
"1201",994,0.0742852010834429,26.5,14.5,12.0012380866847
"1202",981,0.0741330270946938,15,9,12.0012355504516
"1203",984,0,14,8,14
"1204",983,0.00155672897352055,17,10,56.0000259454829
"1205",982,0,65.5,37.5,36
"1206",985,0.00155672897352055,41,23,38.0000259454829
"1207",989,0.00285655932035928,46,27,56.000047609322
"1208",991,0.00317766894788948,66,38,38.0000529611491
"1209",993,0.00397096810912407,43,24,6.00006618280182
"1210",988,1.11046578702694,6,3,56.0185077631171
"1211",986,0.00285655932035928,66,38,42.000047609322
"1212",990,0.121163062668073,52,31,28.0020193843778
"1213",992,0.00114894428838868,31,17,30.0000191490715
"1214",987,0.12930104565576,34,19,52.0021550174276
"1215",998,0.385986642513244,60,34,38.0064331107086
"1216",996,0.185650929766968,44,25,36.0030941821628
"1217",977,0.287430702322233,44,26,56.0047905117054
"1218",976,0.36574667472303,65,37,40.0060957779121
"1219",978,0.016399713375988,49,29,52.0002733285563
"1220",975,0.677111051009248,61,35,22.0112851841835
"1221",1009,5.30958636221434,26,15,36.0884931060369
"1222",1174,3.50189633780665,42.5,24.5,26.0583649389634
"1223",1223,43.3103677468634,31.5,18.5,22.7218394624477
